operation,run,elapsed_ns,peak_rss_kb
witness_generation,0,257083736,70456
proving,0,4782130012,389184
verification,0,2947382508,180572
witness_generation,1,315787208,70368
proving,1,4057501394,390192
verification,1,3062326995,180320
witness_generation,2,545160177,70572
proving,2,5438227316,387932
verification,2,3080756104,180228
witness_generation,3,322478751,70452
proving,3,4449770022,389144
verification,3,3024941804,179916
witness_generation,4,308808430,70284
proving,4,5140035905,388384
verification,4,3114946618,180684
witness_generation,5,271731181,70716
proving,5,5628037775,388136
verification,5,2623322833,181336
witness_generation,6,322789063,70448
proving,6,4496489937,388632
verification,6,2660598556,180528
witness_generation,7,279258977,70388
proving,7,4810657986,388604
verification,7,3716051037,180600
witness_generation,8,337559170,70528
proving,8,5733294015,388652
verification,8,4442559678,180476
witness_generation,9,403969512,70676
proving,9,5507542921,388804
verification,9,3018518191,181676
