component,operation,batch_size,n,mean_ns,std_ns,median_ns,min_ns,max_ns,p95_ns,mean_ms_per_record,records_per_second
A_context_setup,ckks_fla_context_build,1,10,275452466.0,35072767.00764739,272303185.5,228342897,325961009,325961009.0,275.452466,3.6303904427561013
A_context_setup,bfv_fla_context_build,1,10,66448047.7,4674479.0415630285,64872563.5,59726957,74815422,74815422.0,66.4480477,15.049351103809782
A_context_setup,ckks_lpu_context_derive,1,10,316082419.4,28752172.493699864,310856718.0,280986164,377328351,377328351.0,316.0824194,3.1637317946953174
A_context_setup,bfv_lpu_context_derive,1,10,109008915.1,8175995.250190994,106706814.5,99559133,127063653,127063653.0,109.0089151,9.173561621842065
B_credential_issuance,ckks_protected_attribute_credential,1,30,10031350.233333332,884191.4588687107,9787492.5,8983039,12965757,11940352.0,10.031350233333333,99.68747743220888
B_credential_issuance,bfv_protected_attribute_credential,1,30,7921357.7,312259.34676185966,7898784.0,7495833,8798138,8521337.0,7.921357700000001,126.24098517858877
C_aggregation,ckks_direct_aggregation,1,10,39581180.8,1566086.1423412059,39036968.5,38384565,44125991,44125991.0,39.5811808,25.2645317746559
C_aggregation,bfv_aggregation,1,10,37487093.4,3128167.275317169,36160056.0,34444345,43557088,43557088.0,37.4870934,26.675847853277418
C_aggregation,ckks_direct_aggregation,10,10,58313163.4,1027886.5773483182,58424064.0,56607101,60386828,60386828.0,5.83131634,171.4878668372843
C_aggregation,bfv_aggregation,10,10,70050875.7,7363188.16412471,68883538.0,58852318,83524190,83524190.0,7.005087570000001,142.75339030486953
C_aggregation,ckks_direct_aggregation,50,10,155503586.7,4514482.926364304,157994506.5,147036933,159941862,159941862.0,3.110071734,321.5359919412071
C_aggregation,bfv_aggregation,50,10,193123380.7,12794956.59626149,195390229.0,174011732,212174711,212174711.0,3.862467614,258.90184719617434
C_aggregation,ckks_direct_aggregation,100,10,366667688.0,37622678.23210953,363057212.5,314185166,429093927,429093927.0,3.66667688,272.72651305996726
C_aggregation,bfv_aggregation,100,10,520668076.0,187565238.1653224,417230565.5,352321794,875914963,875914963.0,5.20668076,192.06093979919754
C_aggregation,ckks_direct_aggregation,500,3,1365568798.3333333,142050913.65114,1405653517.0,1175048861,1516004017,1516004017.0,2.7311375966666667,366.14779175552803
C_aggregation,bfv_aggregation,500,3,1577855899.0,90256228.69314404,1529459134.0,1499767454,1704341109,1704341109.0,3.155711798,316.88571834531007
C_aggregation,ckks_direct_aggregation,1000,3,2834938853.0,781538901.507144,2346110024.0,2220872421,3937834114,3937834114.0,2.834938853,352.7412942052616
C_aggregation,bfv_aggregation,1000,3,3231456721.6666665,210807547.60564485,3312274398.0,2942530056,3439565711,3439565711.0,3.2314567216666665,309.4579584789354
D_audit_decryption,ckks_direct_packet_decrypt,1,20,18505004.5,3006763.4493898004,16901327.0,15825072,24177710,24109410.0,18.5050045,54.03943565644634
D_audit_decryption,bfv_packet_decrypt,1,20,24221450.15,5695650.528106287,21026745.5,18813886,38116573,34818559.0,24.22145015,41.285719633099674
D_audit_total,ckks_direct_total_audit_n100,100,5,715898477.4,348195006.8564822,725853920.0,331919007,1236715489,1236715489.0,7.158984773999999,139.68461053748848
D_audit_total,bfv_total_audit_n100,100,5,497528721.6,89025754.15930562,453100866.0,406451052,606030745,606030745.0,4.975287216000001,200.99342140170427
