component,operation,batch_size,raw_ns
A_context_setup,ckks_fla_context_build,1,228342897
A_context_setup,ckks_fla_context_build,1,232098713
A_context_setup,ckks_fla_context_build,1,271313484
A_context_setup,ckks_fla_context_build,1,273292887
A_context_setup,ckks_fla_context_build,1,231738107
A_context_setup,ckks_fla_context_build,1,268021765
A_context_setup,ckks_fla_context_build,1,304086419
A_context_setup,ckks_fla_context_build,1,325308607
A_context_setup,ckks_fla_context_build,1,325961009
A_context_setup,ckks_fla_context_build,1,294360772
A_context_setup,bfv_fla_context_build,1,65462282
A_context_setup,bfv_fla_context_build,1,71830509
A_context_setup,bfv_fla_context_build,1,74815422
A_context_setup,bfv_fla_context_build,1,59726957
A_context_setup,bfv_fla_context_build,1,62978771
A_context_setup,bfv_fla_context_build,1,63122472
A_context_setup,bfv_fla_context_build,1,71163206
A_context_setup,bfv_fla_context_build,1,62251568
A_context_setup,bfv_fla_context_build,1,68846445
A_context_setup,bfv_fla_context_build,1,64282845
A_context_setup,ckks_lpu_context_derive,1,297735010
A_context_setup,ckks_lpu_context_derive,1,304316266
A_context_setup,ckks_lpu_context_derive,1,280986164
A_context_setup,ckks_lpu_context_derive,1,291675953
A_context_setup,ckks_lpu_context_derive,1,317397170
A_context_setup,ckks_lpu_context_derive,1,351311251
A_context_setup,ckks_lpu_context_derive,1,317764267
A_context_setup,ckks_lpu_context_derive,1,289717431
A_context_setup,ckks_lpu_context_derive,1,332592331
A_context_setup,ckks_lpu_context_derive,1,377328351
A_context_setup,bfv_lpu_context_derive,1,117647415
A_context_setup,bfv_lpu_context_derive,1,114437900
A_context_setup,bfv_lpu_context_derive,1,103018648
A_context_setup,bfv_lpu_context_derive,1,110168680
A_context_setup,bfv_lpu_context_derive,1,108238071
A_context_setup,bfv_lpu_context_derive,1,104507056
A_context_setup,bfv_lpu_context_derive,1,127063653
A_context_setup,bfv_lpu_context_derive,1,105175558
A_context_setup,bfv_lpu_context_derive,1,100273037
A_context_setup,bfv_lpu_context_derive,1,99559133
B_credential_issuance,ckks_protected_attribute_credential,1,9447741
B_credential_issuance,ckks_protected_attribute_credential,1,9742743
B_credential_issuance,ckks_protected_attribute_credential,1,9905443
B_credential_issuance,ckks_protected_attribute_credential,1,9416041
B_credential_issuance,ckks_protected_attribute_credential,1,10508146
B_credential_issuance,ckks_protected_attribute_credential,1,9246440
B_credential_issuance,ckks_protected_attribute_credential,1,9739742
B_credential_issuance,ckks_protected_attribute_credential,1,9623142
B_credential_issuance,ckks_protected_attribute_credential,1,10052844
B_credential_issuance,ckks_protected_attribute_credential,1,11591250
B_credential_issuance,ckks_protected_attribute_credential,1,9006940
B_credential_issuance,ckks_protected_attribute_credential,1,9235640
B_credential_issuance,ckks_protected_attribute_credential,1,8983039
B_credential_issuance,ckks_protected_attribute_credential,1,9658841
B_credential_issuance,ckks_protected_attribute_credential,1,9332441
B_credential_issuance,ckks_protected_attribute_credential,1,10165444
B_credential_issuance,ckks_protected_attribute_credential,1,11422449
B_credential_issuance,ckks_protected_attribute_credential,1,12965757
B_credential_issuance,ckks_protected_attribute_credential,1,10204044
B_credential_issuance,ckks_protected_attribute_credential,1,9878143
B_credential_issuance,ckks_protected_attribute_credential,1,9832242
B_credential_issuance,ckks_protected_attribute_credential,1,9521742
B_credential_issuance,ckks_protected_attribute_credential,1,9847042
B_credential_issuance,ckks_protected_attribute_credential,1,9839043
B_credential_issuance,ckks_protected_attribute_credential,1,9677242
B_credential_issuance,ckks_protected_attribute_credential,1,10831947
B_credential_issuance,ckks_protected_attribute_credential,1,11940352
B_credential_issuance,ckks_protected_attribute_credential,1,9579041
B_credential_issuance,ckks_protected_attribute_credential,1,9722942
B_credential_issuance,ckks_protected_attribute_credential,1,10022644
B_credential_issuance,bfv_protected_attribute_credential,1,8107735
B_credential_issuance,bfv_protected_attribute_credential,1,7940935
B_credential_issuance,bfv_protected_attribute_credential,1,8009334
B_credential_issuance,bfv_protected_attribute_credential,1,8172636
B_credential_issuance,bfv_protected_attribute_credential,1,8042735
B_credential_issuance,bfv_protected_attribute_credential,1,8191235
B_credential_issuance,bfv_protected_attribute_credential,1,7962735
B_credential_issuance,bfv_protected_attribute_credential,1,7806034
B_credential_issuance,bfv_protected_attribute_credential,1,7875634
B_credential_issuance,bfv_protected_attribute_credential,1,7566133
B_credential_issuance,bfv_protected_attribute_credential,1,8220335
B_credential_issuance,bfv_protected_attribute_credential,1,7495833
B_credential_issuance,bfv_protected_attribute_credential,1,8092435
B_credential_issuance,bfv_protected_attribute_credential,1,7588233
B_credential_issuance,bfv_protected_attribute_credential,1,7766533
B_credential_issuance,bfv_protected_attribute_credential,1,8075235
B_credential_issuance,bfv_protected_attribute_credential,1,7715534
B_credential_issuance,bfv_protected_attribute_credential,1,8263936
B_credential_issuance,bfv_protected_attribute_credential,1,7668333
B_credential_issuance,bfv_protected_attribute_credential,1,7728733
B_credential_issuance,bfv_protected_attribute_credential,1,7628834
B_credential_issuance,bfv_protected_attribute_credential,1,7921934
B_credential_issuance,bfv_protected_attribute_credential,1,7540233
B_credential_issuance,bfv_protected_attribute_credential,1,7766733
B_credential_issuance,bfv_protected_attribute_credential,1,7669234
B_credential_issuance,bfv_protected_attribute_credential,1,8348136
B_credential_issuance,bfv_protected_attribute_credential,1,7623133
B_credential_issuance,bfv_protected_attribute_credential,1,8798138
B_credential_issuance,bfv_protected_attribute_credential,1,7532733
B_credential_issuance,bfv_protected_attribute_credential,1,8521337
C_aggregation,ckks_direct_aggregation,1,38763267
C_aggregation,ckks_direct_aggregation,1,39010968
C_aggregation,ckks_direct_aggregation,1,38953368
C_aggregation,ckks_direct_aggregation,1,38955668
C_aggregation,ckks_direct_aggregation,1,39992673
C_aggregation,ckks_direct_aggregation,1,39062969
C_aggregation,ckks_direct_aggregation,1,39136869
C_aggregation,ckks_direct_aggregation,1,38384565
C_aggregation,ckks_direct_aggregation,1,44125991
C_aggregation,ckks_direct_aggregation,1,39425470
C_aggregation,bfv_aggregation,1,36743358
C_aggregation,bfv_aggregation,1,43557088
C_aggregation,bfv_aggregation,1,37554962
C_aggregation,bfv_aggregation,1,35576754
C_aggregation,bfv_aggregation,1,39233169
C_aggregation,bfv_aggregation,1,42604310
C_aggregation,bfv_aggregation,1,34444345
C_aggregation,bfv_aggregation,1,34487745
C_aggregation,bfv_aggregation,1,35487553
C_aggregation,bfv_aggregation,1,35181650
C_aggregation,ckks_direct_aggregation,10,60386828
C_aggregation,ckks_direct_aggregation,10,58250113
C_aggregation,ckks_direct_aggregation,10,58598015
C_aggregation,ckks_direct_aggregation,10,58783317
C_aggregation,ckks_direct_aggregation,10,58775017
C_aggregation,ckks_direct_aggregation,10,56607101
C_aggregation,ckks_direct_aggregation,10,57857710
C_aggregation,ckks_direct_aggregation,10,57068405
C_aggregation,ckks_direct_aggregation,10,59131419
C_aggregation,ckks_direct_aggregation,10,57673709
C_aggregation,bfv_aggregation,10,58852318
C_aggregation,bfv_aggregation,10,64854559
C_aggregation,bfv_aggregation,10,67327078
C_aggregation,bfv_aggregation,10,62655643
C_aggregation,bfv_aggregation,10,65036760
C_aggregation,bfv_aggregation,10,77137145
C_aggregation,bfv_aggregation,10,83524190
C_aggregation,bfv_aggregation,10,70439998
C_aggregation,bfv_aggregation,10,72634214
C_aggregation,bfv_aggregation,10,78046852
C_aggregation,ckks_direct_aggregation,50,158346716
C_aggregation,ckks_direct_aggregation,50,159041521
C_aggregation,ckks_direct_aggregation,50,154652887
C_aggregation,ckks_direct_aggregation,50,153618780
C_aggregation,ckks_direct_aggregation,50,147525338
C_aggregation,ckks_direct_aggregation,50,147036933
C_aggregation,ckks_direct_aggregation,50,158882817
C_aggregation,ckks_direct_aggregation,50,159941862
C_aggregation,ckks_direct_aggregation,50,157813556
C_aggregation,ckks_direct_aggregation,50,158175457
C_aggregation,bfv_aggregation,50,174011732
C_aggregation,bfv_aggregation,50,176618645
C_aggregation,bfv_aggregation,50,185012286
C_aggregation,bfv_aggregation,50,201834762
C_aggregation,bfv_aggregation,50,210169902
C_aggregation,bfv_aggregation,50,212174711
C_aggregation,bfv_aggregation,50,192245416
C_aggregation,bfv_aggregation,50,199215349
C_aggregation,bfv_aggregation,50,181415962
C_aggregation,bfv_aggregation,50,198535042
C_aggregation,ckks_direct_aggregation,100,343523322
C_aggregation,ckks_direct_aggregation,100,364646427
C_aggregation,ckks_direct_aggregation,100,419916703
C_aggregation,ckks_direct_aggregation,100,404420819
C_aggregation,ckks_direct_aggregation,100,321706605
C_aggregation,ckks_direct_aggregation,100,314185166
C_aggregation,ckks_direct_aggregation,100,366624923
C_aggregation,ckks_direct_aggregation,100,361467998
C_aggregation,ckks_direct_aggregation,100,429093927
C_aggregation,ckks_direct_aggregation,100,341090990
C_aggregation,bfv_aggregation,100,356545060
C_aggregation,bfv_aggregation,100,813406309
C_aggregation,bfv_aggregation,100,658621437
C_aggregation,bfv_aggregation,100,423429276
C_aggregation,bfv_aggregation,100,875914963
C_aggregation,bfv_aggregation,100,564179963
C_aggregation,bfv_aggregation,100,384380544
C_aggregation,bfv_aggregation,100,352321794
C_aggregation,bfv_aggregation,100,366849559
C_aggregation,bfv_aggregation,100,411031855
C_aggregation,ckks_direct_aggregation,500,1516004017
C_aggregation,ckks_direct_aggregation,500,1405653517
C_aggregation,ckks_direct_aggregation,500,1175048861
C_aggregation,bfv_aggregation,500,1499767454
C_aggregation,bfv_aggregation,500,1529459134
C_aggregation,bfv_aggregation,500,1704341109
C_aggregation,ckks_direct_aggregation,1000,3937834114
C_aggregation,ckks_direct_aggregation,1000,2346110024
C_aggregation,ckks_direct_aggregation,1000,2220872421
C_aggregation,bfv_aggregation,1000,2942530056
C_aggregation,bfv_aggregation,1000,3439565711
C_aggregation,bfv_aggregation,1000,3312274398
D_audit_decryption,ckks_direct_packet_decrypt,1,16334975
D_audit_decryption,ckks_direct_packet_decrypt,1,16015673
D_audit_decryption,ckks_direct_packet_decrypt,1,22441303
D_audit_decryption,ckks_direct_packet_decrypt,1,22612903
D_audit_decryption,ckks_direct_packet_decrypt,1,17636180
D_audit_decryption,ckks_direct_packet_decrypt,1,15865173
D_audit_decryption,ckks_direct_packet_decrypt,1,16711776
D_audit_decryption,ckks_direct_packet_decrypt,1,17090878
D_audit_decryption,ckks_direct_packet_decrypt,1,22124501
D_audit_decryption,ckks_direct_packet_decrypt,1,16631876
D_audit_decryption,ckks_direct_packet_decrypt,1,17216079
D_audit_decryption,ckks_direct_packet_decrypt,1,17795281
D_audit_decryption,ckks_direct_packet_decrypt,1,16480375
D_audit_decryption,ckks_direct_packet_decrypt,1,16073474
D_audit_decryption,ckks_direct_packet_decrypt,1,16035173
D_audit_decryption,ckks_direct_packet_decrypt,1,24109410
D_audit_decryption,ckks_direct_packet_decrypt,1,24177710
D_audit_decryption,ckks_direct_packet_decrypt,1,16535976
D_audit_decryption,ckks_direct_packet_decrypt,1,15825072
D_audit_decryption,ckks_direct_packet_decrypt,1,22386302
D_audit_decryption,bfv_packet_decrypt,1,38116573
D_audit_decryption,bfv_packet_decrypt,1,34818559
D_audit_decryption,bfv_packet_decrypt,1,29362633
D_audit_decryption,bfv_packet_decrypt,1,24498112
D_audit_decryption,bfv_packet_decrypt,1,32540948
D_audit_decryption,bfv_packet_decrypt,1,30668239
D_audit_decryption,bfv_packet_decrypt,1,22152700
D_audit_decryption,bfv_packet_decrypt,1,20408293
D_audit_decryption,bfv_packet_decrypt,1,20956495
D_audit_decryption,bfv_packet_decrypt,1,21096996
D_audit_decryption,bfv_packet_decrypt,1,20701295
D_audit_decryption,bfv_packet_decrypt,1,20561793
D_audit_decryption,bfv_packet_decrypt,1,19674390
D_audit_decryption,bfv_packet_decrypt,1,20918895
D_audit_decryption,bfv_packet_decrypt,1,19135587
D_audit_decryption,bfv_packet_decrypt,1,19021986
D_audit_decryption,bfv_packet_decrypt,1,18813886
D_audit_decryption,bfv_packet_decrypt,1,19560189
D_audit_decryption,bfv_packet_decrypt,1,26497321
D_audit_decryption,bfv_packet_decrypt,1,24924113
D_audit_total,ckks_direct_total_audit_n100,100,331919007
D_audit_total,ckks_direct_total_audit_n100,100,345319365
D_audit_total,ckks_direct_total_audit_n100,100,725853920
D_audit_total,ckks_direct_total_audit_n100,100,1236715489
D_audit_total,ckks_direct_total_audit_n100,100,939684606
D_audit_total,bfv_total_audit_n100,100,453100866
D_audit_total,bfv_total_audit_n100,100,406451052
D_audit_total,bfv_total_audit_n100,100,418235902
D_audit_total,bfv_total_audit_n100,100,603825043
D_audit_total,bfv_total_audit_n100,100,606030745
