component,operation,batch_size,repeat_index,duration_ns
A_ckks_setup,fla_private_context_generation,1,0,173734495
A_ckks_setup,fla_private_context_generation,1,1,166769184
A_ckks_setup,fla_private_context_generation,1,2,170992591
A_ckks_setup,fla_private_context_generation,1,3,177414502
A_ckks_setup,fla_private_context_generation,1,4,180991008
A_ckks_setup,fla_private_context_generation,1,5,175953897
A_ckks_setup,fla_private_context_generation,1,6,181762307
A_ckks_setup,fla_private_context_generation,1,7,160322970
A_ckks_setup,fla_private_context_generation,1,8,169951887
A_ckks_setup,fla_private_context_generation,1,9,161193372
A_ckks_setup,fla_private_context_generation,1,10,175760197
A_ckks_setup,fla_private_context_generation,1,11,176305695
A_ckks_setup,fla_private_context_generation,1,12,184107008
A_ckks_setup,fla_private_context_generation,1,13,164265675
A_ckks_setup,fla_private_context_generation,1,14,159122066
A_ckks_setup,fla_private_context_generation,1,15,164890376
A_ckks_setup,fla_private_context_generation,1,16,180811003
A_ckks_setup,fla_private_context_generation,1,17,162913070
A_ckks_setup,fla_private_context_generation,1,18,168218612
A_ckks_setup,fla_private_context_generation,1,19,169717348
A_ckks_setup,fla_private_context_generation,1,20,161583218
A_ckks_setup,fla_private_context_generation,1,21,176080472
A_ckks_setup,fla_private_context_generation,1,22,177648178
A_ckks_setup,fla_private_context_generation,1,23,180261086
A_ckks_setup,fla_private_context_generation,1,24,181079489
A_ckks_setup,fla_private_context_generation,1,25,187295713
A_ckks_setup,fla_private_context_generation,1,26,172563457
A_ckks_setup,fla_private_context_generation,1,27,191143827
A_ckks_setup,fla_private_context_generation,1,28,177508874
A_ckks_setup,fla_private_context_generation,1,29,166440231
A_ckks_setup,lpu_public_context_derivation,1,0,180920686
A_ckks_setup,lpu_public_context_derivation,1,1,171810349
A_ckks_setup,lpu_public_context_derivation,1,2,166708930
A_ckks_setup,lpu_public_context_derivation,1,3,160178906
A_ckks_setup,lpu_public_context_derivation,1,4,177769271
A_ckks_setup,lpu_public_context_derivation,1,5,196564243
A_ckks_setup,lpu_public_context_derivation,1,6,198269348
A_ckks_setup,lpu_public_context_derivation,1,7,182378174
A_ckks_setup,lpu_public_context_derivation,1,8,182966304
A_ckks_setup,lpu_public_context_derivation,1,9,164510092
A_ckks_setup,lpu_public_context_derivation,1,10,168432537
A_ckks_setup,lpu_public_context_derivation,1,11,184191018
A_ckks_setup,lpu_public_context_derivation,1,12,171286168
A_ckks_setup,lpu_public_context_derivation,1,13,173558793
A_ckks_setup,lpu_public_context_derivation,1,14,166908218
A_ckks_setup,lpu_public_context_derivation,1,15,160809747
A_ckks_setup,lpu_public_context_derivation,1,16,162883970
A_ckks_setup,lpu_public_context_derivation,1,17,186063538
A_ckks_setup,lpu_public_context_derivation,1,18,180611072
A_ckks_setup,lpu_public_context_derivation,1,19,171721870
A_ckks_setup,lpu_public_context_derivation,1,20,169153341
A_ckks_setup,lpu_public_context_derivation,1,21,160829645
A_ckks_setup,lpu_public_context_derivation,1,22,167976227
A_ckks_setup,lpu_public_context_derivation,1,23,194268529
A_ckks_setup,lpu_public_context_derivation,1,24,188921664
A_ckks_setup,lpu_public_context_derivation,1,25,182369390
A_ckks_setup,lpu_public_context_derivation,1,26,163647875
A_ckks_setup,lpu_public_context_derivation,1,27,160591941
A_ckks_setup,lpu_public_context_derivation,1,28,175459110
A_ckks_setup,lpu_public_context_derivation,1,29,176328520
A_ckks_setup,encrypted_reference_generation,1,0,14957072
A_ckks_setup,encrypted_reference_generation,1,1,12814246
A_ckks_setup,encrypted_reference_generation,1,2,14602467
A_ckks_setup,encrypted_reference_generation,1,3,16823993
A_ckks_setup,encrypted_reference_generation,1,4,14480666
A_ckks_setup,encrypted_reference_generation,1,5,14385464
A_ckks_setup,encrypted_reference_generation,1,6,11956237
A_ckks_setup,encrypted_reference_generation,1,7,11848236
A_ckks_setup,encrypted_reference_generation,1,8,12242840
A_ckks_setup,encrypted_reference_generation,1,9,12151639
A_ckks_setup,encrypted_reference_generation,1,10,13683357
A_ckks_setup,encrypted_reference_generation,1,11,13486554
A_ckks_setup,encrypted_reference_generation,1,12,12755146
A_ckks_setup,encrypted_reference_generation,1,13,13598954
A_ckks_setup,encrypted_reference_generation,1,14,13370552
A_ckks_setup,encrypted_reference_generation,1,15,12560550
A_ckks_setup,encrypted_reference_generation,1,16,11355945
A_ckks_setup,encrypted_reference_generation,1,17,10420741
A_ckks_setup,encrypted_reference_generation,1,18,11998848
A_ckks_setup,encrypted_reference_generation,1,19,11473645
A_ckks_setup,encrypted_reference_generation,1,20,11916447
A_ckks_setup,encrypted_reference_generation,1,21,11304845
A_ckks_setup,encrypted_reference_generation,1,22,12720951
A_ckks_setup,encrypted_reference_generation,1,23,12464549
A_ckks_setup,encrypted_reference_generation,1,24,11740646
A_ckks_setup,encrypted_reference_generation,1,25,12729351
A_ckks_setup,encrypted_reference_generation,1,26,13996455
A_ckks_setup,encrypted_reference_generation,1,27,13103652
A_ckks_setup,encrypted_reference_generation,1,28,12181548
A_ckks_setup,encrypted_reference_generation,1,29,11027244
B_credential_issuance,bank_account_credential,1,0,50101
B_credential_issuance,bank_account_credential,1,1,45600
B_credential_issuance,bank_account_credential,1,2,45300
B_credential_issuance,bank_account_credential,1,3,43700
B_credential_issuance,bank_account_credential,1,4,43200
B_credential_issuance,bank_account_credential,1,5,43400
B_credential_issuance,bank_account_credential,1,6,42901
B_credential_issuance,bank_account_credential,1,7,43000
B_credential_issuance,bank_account_credential,1,8,42700
B_credential_issuance,bank_account_credential,1,9,43500
B_credential_issuance,bank_account_credential,1,10,57800
B_credential_issuance,bank_account_credential,1,11,46201
B_credential_issuance,bank_account_credential,1,12,43500
B_credential_issuance,bank_account_credential,1,13,42800
B_credential_issuance,bank_account_credential,1,14,43200
B_credential_issuance,bank_account_credential,1,15,42800
B_credential_issuance,bank_account_credential,1,16,42700
B_credential_issuance,bank_account_credential,1,17,42801
B_credential_issuance,bank_account_credential,1,18,42700
B_credential_issuance,bank_account_credential,1,19,42800
B_credential_issuance,bank_account_credential,1,20,58200
B_credential_issuance,bank_account_credential,1,21,53600
B_credential_issuance,bank_account_credential,1,22,45701
B_credential_issuance,bank_account_credential,1,23,44200
B_credential_issuance,bank_account_credential,1,24,43500
B_credential_issuance,bank_account_credential,1,25,43000
B_credential_issuance,bank_account_credential,1,26,42800
B_credential_issuance,bank_account_credential,1,27,42700
B_credential_issuance,bank_account_credential,1,28,42801
B_credential_issuance,bank_account_credential,1,29,42600
B_credential_issuance,ca_score_credential,1,0,44001
B_credential_issuance,ca_score_credential,1,1,43600
B_credential_issuance,ca_score_credential,1,2,43200
B_credential_issuance,ca_score_credential,1,3,42800
B_credential_issuance,ca_score_credential,1,4,42600
B_credential_issuance,ca_score_credential,1,5,43100
B_credential_issuance,ca_score_credential,1,6,42501
B_credential_issuance,ca_score_credential,1,7,42600
B_credential_issuance,ca_score_credential,1,8,42400
B_credential_issuance,ca_score_credential,1,9,42700
B_credential_issuance,ca_score_credential,1,10,42700
B_credential_issuance,ca_score_credential,1,11,42400
B_credential_issuance,ca_score_credential,1,12,42601
B_credential_issuance,ca_score_credential,1,13,42800
B_credential_issuance,ca_score_credential,1,14,42600
B_credential_issuance,ca_score_credential,1,15,42300
B_credential_issuance,ca_score_credential,1,16,42600
B_credential_issuance,ca_score_credential,1,17,42300
B_credential_issuance,ca_score_credential,1,18,42501
B_credential_issuance,ca_score_credential,1,19,42400
B_credential_issuance,ca_score_credential,1,20,42500
B_credential_issuance,ca_score_credential,1,21,42700
B_credential_issuance,ca_score_credential,1,22,61300
B_credential_issuance,ca_score_credential,1,23,54401
B_credential_issuance,ca_score_credential,1,24,46000
B_credential_issuance,ca_score_credential,1,25,44700
B_credential_issuance,ca_score_credential,1,26,43100
B_credential_issuance,ca_score_credential,1,27,42900
B_credential_issuance,ca_score_credential,1,28,42600
B_credential_issuance,ca_score_credential,1,29,42601
B_credential_issuance,ip_protected_attribute_credential,1,0,8397233
B_credential_issuance,ip_protected_attribute_credential,1,1,8070632
B_credential_issuance,ip_protected_attribute_credential,1,2,7175528
B_credential_issuance,ip_protected_attribute_credential,1,3,7202829
B_credential_issuance,ip_protected_attribute_credential,1,4,7218728
B_credential_issuance,ip_protected_attribute_credential,1,5,6509826
B_credential_issuance,ip_protected_attribute_credential,1,6,6227425
B_credential_issuance,ip_protected_attribute_credential,1,7,7077828
B_credential_issuance,ip_protected_attribute_credential,1,8,6358825
B_credential_issuance,ip_protected_attribute_credential,1,9,5926823
B_credential_issuance,ip_protected_attribute_credential,1,10,6692027
B_credential_issuance,ip_protected_attribute_credential,1,11,6516126
B_credential_issuance,ip_protected_attribute_credential,1,12,7209928
B_credential_issuance,ip_protected_attribute_credential,1,13,7348829
B_credential_issuance,ip_protected_attribute_credential,1,14,8371833
B_credential_issuance,ip_protected_attribute_credential,1,15,7982432
B_credential_issuance,ip_protected_attribute_credential,1,16,7480230
B_credential_issuance,ip_protected_attribute_credential,1,17,7080828
B_credential_issuance,ip_protected_attribute_credential,1,18,6578826
B_credential_issuance,ip_protected_attribute_credential,1,19,6494925
B_credential_issuance,ip_protected_attribute_credential,1,20,6502826
B_credential_issuance,ip_protected_attribute_credential,1,21,6701527
B_credential_issuance,ip_protected_attribute_credential,1,22,6565626
B_credential_issuance,ip_protected_attribute_credential,1,23,6537025
B_credential_issuance,ip_protected_attribute_credential,1,24,6905928
B_credential_issuance,ip_protected_attribute_credential,1,25,6190324
B_credential_issuance,ip_protected_attribute_credential,1,26,6822427
B_credential_issuance,ip_protected_attribute_credential,1,27,6119325
B_credential_issuance,ip_protected_attribute_credential,1,28,6467425
B_credential_issuance,ip_protected_attribute_credential,1,29,6838727
C_credential_verification,bank_verification,1,0,109700
C_credential_verification,bank_verification,1,1,107801
C_credential_verification,bank_verification,1,2,106200
C_credential_verification,bank_verification,1,3,106101
C_credential_verification,bank_verification,1,4,105500
C_credential_verification,bank_verification,1,5,105600
C_credential_verification,bank_verification,1,6,105301
C_credential_verification,bank_verification,1,7,105500
C_credential_verification,bank_verification,1,8,105401
C_credential_verification,bank_verification,1,9,105500
C_credential_verification,bank_verification,1,10,104901
C_credential_verification,bank_verification,1,11,117700
C_credential_verification,bank_verification,1,12,128601
C_credential_verification,bank_verification,1,13,111600
C_credential_verification,bank_verification,1,14,106800
C_credential_verification,bank_verification,1,15,105501
C_credential_verification,bank_verification,1,16,105100
C_credential_verification,bank_verification,1,17,114701
C_credential_verification,bank_verification,1,18,116700
C_credential_verification,bank_verification,1,19,109301
C_credential_verification,bank_verification,1,20,106000
C_credential_verification,bank_verification,1,21,105000
C_credential_verification,bank_verification,1,22,105101
C_credential_verification,bank_verification,1,23,105000
C_credential_verification,bank_verification,1,24,104901
C_credential_verification,bank_verification,1,25,105100
C_credential_verification,bank_verification,1,26,105000
C_credential_verification,bank_verification,1,27,104601
C_credential_verification,bank_verification,1,28,104700
C_credential_verification,bank_verification,1,29,116901
C_credential_verification,ca_verification,1,0,108600
C_credential_verification,ca_verification,1,1,107401
C_credential_verification,ca_verification,1,2,106000
C_credential_verification,ca_verification,1,3,106100
C_credential_verification,ca_verification,1,4,105801
C_credential_verification,ca_verification,1,5,106300
C_credential_verification,ca_verification,1,6,105601
C_credential_verification,ca_verification,1,7,105800
C_credential_verification,ca_verification,1,8,105601
C_credential_verification,ca_verification,1,9,105900
C_credential_verification,ca_verification,1,10,105600
C_credential_verification,ca_verification,1,11,105501
C_credential_verification,ca_verification,1,12,106200
C_credential_verification,ca_verification,1,13,105601
C_credential_verification,ca_verification,1,14,105600
C_credential_verification,ca_verification,1,15,105400
C_credential_verification,ca_verification,1,16,117901
C_credential_verification,ca_verification,1,17,125700
C_credential_verification,ca_verification,1,18,111601
C_credential_verification,ca_verification,1,19,107800
C_credential_verification,ca_verification,1,20,106401
C_credential_verification,ca_verification,1,21,137000
C_credential_verification,ca_verification,1,22,122101
C_credential_verification,ca_verification,1,23,142000
C_credential_verification,ca_verification,1,24,138101
C_credential_verification,ca_verification,1,25,109700
C_credential_verification,ca_verification,1,26,107001
C_credential_verification,ca_verification,1,27,105900
C_credential_verification,ca_verification,1,28,106001
C_credential_verification,ca_verification,1,29,105800
C_credential_verification,ip_verification,1,0,703303
C_credential_verification,ip_verification,1,1,735102
C_credential_verification,ip_verification,1,2,722903
C_credential_verification,ip_verification,1,3,703703
C_credential_verification,ip_verification,1,4,722303
C_credential_verification,ip_verification,1,5,705503
C_credential_verification,ip_verification,1,6,714803
C_credential_verification,ip_verification,1,7,721002
C_credential_verification,ip_verification,1,8,768403
C_credential_verification,ip_verification,1,9,724902
C_credential_verification,ip_verification,1,10,704703
C_credential_verification,ip_verification,1,11,701903
C_credential_verification,ip_verification,1,12,730003
C_credential_verification,ip_verification,1,13,705603
C_credential_verification,ip_verification,1,14,721502
C_credential_verification,ip_verification,1,15,725003
C_credential_verification,ip_verification,1,16,755503
C_credential_verification,ip_verification,1,17,716203
C_credential_verification,ip_verification,1,18,721003
C_credential_verification,ip_verification,1,19,825503
C_credential_verification,ip_verification,1,20,738203
C_credential_verification,ip_verification,1,21,706603
C_credential_verification,ip_verification,1,22,703903
C_credential_verification,ip_verification,1,23,731103
C_credential_verification,ip_verification,1,24,706102
C_credential_verification,ip_verification,1,25,706203
C_credential_verification,ip_verification,1,26,732903
C_credential_verification,ip_verification,1,27,845404
C_credential_verification,ip_verification,1,28,775703
C_credential_verification,ip_verification,1,29,756803
D_protected_group_processing,comp_sim,1,0,11791146
D_protected_group_processing,comp_sim,1,1,11792247
D_protected_group_processing,comp_sim,1,2,11777546
D_protected_group_processing,comp_sim,1,3,11821447
D_protected_group_processing,comp_sim,1,4,12144948
D_protected_group_processing,comp_sim,1,5,11813847
D_protected_group_processing,comp_sim,1,6,11789847
D_protected_group_processing,comp_sim,1,7,14361857
D_protected_group_processing,comp_sim,1,8,15474061
D_protected_group_processing,comp_sim,1,9,13479453
D_protected_group_processing,comp_sim,1,10,13395153
D_protected_group_processing,comp_sim,1,11,12149048
D_protected_group_processing,comp_sim,1,12,12173048
D_protected_group_processing,comp_sim,1,13,12763851
D_protected_group_processing,comp_sim,1,14,13602254
D_protected_group_processing,comp_sim,1,15,14054955
D_protected_group_processing,comp_sim,1,16,12514050
D_protected_group_processing,comp_sim,1,17,13509253
D_protected_group_processing,comp_sim,1,18,11754647
D_protected_group_processing,comp_sim,1,19,13856754
D_protected_group_processing,comp_sim,1,20,12365649
D_protected_group_processing,comp_sim,1,21,12440849
D_protected_group_processing,comp_sim,1,22,11762647
D_protected_group_processing,comp_sim,1,23,11899147
D_protected_group_processing,comp_sim,1,24,11631446
D_protected_group_processing,comp_sim,1,25,11910646
D_protected_group_processing,comp_sim,1,26,12970252
D_protected_group_processing,comp_sim,1,27,12563349
D_protected_group_processing,comp_sim,1,28,14112956
D_protected_group_processing,comp_sim,1,29,13395253
D_protected_group_processing,aggregate_addition_update_12_per_record,1,0,64079853
D_protected_group_processing,aggregate_addition_update_12_per_record,1,1,66089460
D_protected_group_processing,aggregate_addition_update_12_per_record,1,2,59723636
D_protected_group_processing,aggregate_addition_update_12_per_record,1,3,50966601
D_protected_group_processing,aggregate_addition_update_12_per_record,1,4,51758704
D_protected_group_processing,aggregate_addition_update_12_per_record,1,5,51237502
D_protected_group_processing,aggregate_addition_update_12_per_record,1,6,50899601
D_protected_group_processing,aggregate_addition_update_12_per_record,1,7,50890200
D_protected_group_processing,aggregate_addition_update_12_per_record,1,8,58578132
D_protected_group_processing,aggregate_addition_update_12_per_record,1,9,64945756
D_protected_group_processing,aggregate_addition_update_12_per_record,1,10,67579266
D_protected_group_processing,aggregate_addition_update_12_per_record,1,11,60245638
D_protected_group_processing,aggregate_addition_update_12_per_record,1,12,54978116
D_protected_group_processing,aggregate_addition_update_12_per_record,1,13,57449426
D_protected_group_processing,aggregate_addition_update_12_per_record,1,14,57745127
D_protected_group_processing,aggregate_addition_update_12_per_record,1,15,59409633
D_protected_group_processing,aggregate_addition_update_12_per_record,1,16,67446965
D_protected_group_processing,aggregate_addition_update_12_per_record,1,17,64389453
D_protected_group_processing,aggregate_addition_update_12_per_record,1,18,53270710
D_protected_group_processing,aggregate_addition_update_12_per_record,1,19,53431810
D_protected_group_processing,aggregate_addition_update_12_per_record,1,20,51363302
D_protected_group_processing,aggregate_addition_update_12_per_record,1,21,51700103
D_protected_group_processing,aggregate_addition_update_12_per_record,1,22,53609111
D_protected_group_processing,aggregate_addition_update_12_per_record,1,23,55076716
D_protected_group_processing,aggregate_addition_update_12_per_record,1,24,51357702
D_protected_group_processing,aggregate_addition_update_12_per_record,1,25,52662007
D_protected_group_processing,aggregate_addition_update_12_per_record,1,26,51855104
D_protected_group_processing,aggregate_addition_update_12_per_record,1,27,55421718
D_protected_group_processing,aggregate_addition_update_12_per_record,1,28,60040936
D_protected_group_processing,aggregate_addition_update_12_per_record,1,29,55257517
B_credential_issuance,bank_account_credential,5,0,211801
B_credential_issuance,bank_account_credential,5,1,212001
B_credential_issuance,bank_account_credential,5,2,211301
B_credential_issuance,bank_account_credential,5,3,210501
B_credential_issuance,bank_account_credential,5,4,240000
B_credential_issuance,bank_account_credential,5,5,215801
B_credential_issuance,bank_account_credential,5,6,211801
B_credential_issuance,bank_account_credential,5,7,249301
B_credential_issuance,bank_account_credential,5,8,211701
B_credential_issuance,bank_account_credential,5,9,211101
B_credential_issuance,bank_account_credential,5,10,210601
B_credential_issuance,bank_account_credential,5,11,210300
B_credential_issuance,bank_account_credential,5,12,210001
B_credential_issuance,bank_account_credential,5,13,225001
B_credential_issuance,bank_account_credential,5,14,226001
B_credential_issuance,bank_account_credential,5,15,248001
B_credential_issuance,bank_account_credential,5,16,223801
B_credential_issuance,bank_account_credential,5,17,211001
B_credential_issuance,bank_account_credential,5,18,210301
B_credential_issuance,bank_account_credential,5,19,210100
B_credential_issuance,bank_account_credential,5,20,210301
B_credential_issuance,bank_account_credential,5,21,210501
B_credential_issuance,bank_account_credential,5,22,210401
B_credential_issuance,bank_account_credential,5,23,241201
B_credential_issuance,bank_account_credential,5,24,211101
B_credential_issuance,bank_account_credential,5,25,209801
B_credential_issuance,bank_account_credential,5,26,211400
B_credential_issuance,bank_account_credential,5,27,210601
B_credential_issuance,bank_account_credential,5,28,234801
B_credential_issuance,bank_account_credential,5,29,216901
B_credential_issuance,ca_score_credential,5,0,216701
B_credential_issuance,ca_score_credential,5,1,245401
B_credential_issuance,ca_score_credential,5,2,228201
B_credential_issuance,ca_score_credential,5,3,212401
B_credential_issuance,ca_score_credential,5,4,211701
B_credential_issuance,ca_score_credential,5,5,212100
B_credential_issuance,ca_score_credential,5,6,212001
B_credential_issuance,ca_score_credential,5,7,211801
B_credential_issuance,ca_score_credential,5,8,236101
B_credential_issuance,ca_score_credential,5,9,220601
B_credential_issuance,ca_score_credential,5,10,211701
B_credential_issuance,ca_score_credential,5,11,211101
B_credential_issuance,ca_score_credential,5,12,210400
B_credential_issuance,ca_score_credential,5,13,210801
B_credential_issuance,ca_score_credential,5,14,210801
B_credential_issuance,ca_score_credential,5,15,211301
B_credential_issuance,ca_score_credential,5,16,210601
B_credential_issuance,ca_score_credential,5,17,234801
B_credential_issuance,ca_score_credential,5,18,318601
B_credential_issuance,ca_score_credential,5,19,298201
B_credential_issuance,ca_score_credential,5,20,350701
B_credential_issuance,ca_score_credential,5,21,385902
B_credential_issuance,ca_score_credential,5,22,463102
B_credential_issuance,ca_score_credential,5,23,514502
B_credential_issuance,ca_score_credential,5,24,473002
B_credential_issuance,ca_score_credential,5,25,533602
B_credential_issuance,ca_score_credential,5,26,483902
B_credential_issuance,ca_score_credential,5,27,365801
B_credential_issuance,ca_score_credential,5,28,450802
B_credential_issuance,ca_score_credential,5,29,493702
B_credential_issuance,ip_protected_attribute_credential,5,0,35262138
B_credential_issuance,ip_protected_attribute_credential,5,1,34638435
B_credential_issuance,ip_protected_attribute_credential,5,2,35107438
B_credential_issuance,ip_protected_attribute_credential,5,3,39728055
B_credential_issuance,ip_protected_attribute_credential,5,4,38313151
B_credential_issuance,ip_protected_attribute_credential,5,5,35418138
B_credential_issuance,ip_protected_attribute_credential,5,6,37522147
B_credential_issuance,ip_protected_attribute_credential,5,7,33261031
B_credential_issuance,ip_protected_attribute_credential,5,8,37677447
B_credential_issuance,ip_protected_attribute_credential,5,9,34311735
B_credential_issuance,ip_protected_attribute_credential,5,10,36734443
B_credential_issuance,ip_protected_attribute_credential,5,11,33947833
B_credential_issuance,ip_protected_attribute_credential,5,12,33305431
B_credential_issuance,ip_protected_attribute_credential,5,13,34517835
B_credential_issuance,ip_protected_attribute_credential,5,14,33875533
B_credential_issuance,ip_protected_attribute_credential,5,15,33116629
B_credential_issuance,ip_protected_attribute_credential,5,16,33586932
B_credential_issuance,ip_protected_attribute_credential,5,17,31950425
B_credential_issuance,ip_protected_attribute_credential,5,18,32704728
B_credential_issuance,ip_protected_attribute_credential,5,19,32976329
B_credential_issuance,ip_protected_attribute_credential,5,20,32218527
B_credential_issuance,ip_protected_attribute_credential,5,21,32973029
B_credential_issuance,ip_protected_attribute_credential,5,22,43494970
B_credential_issuance,ip_protected_attribute_credential,5,23,41085161
B_credential_issuance,ip_protected_attribute_credential,5,24,36739844
B_credential_issuance,ip_protected_attribute_credential,5,25,37969149
B_credential_issuance,ip_protected_attribute_credential,5,26,36274541
B_credential_issuance,ip_protected_attribute_credential,5,27,33117430
B_credential_issuance,ip_protected_attribute_credential,5,28,35071373
B_credential_issuance,ip_protected_attribute_credential,5,29,35936618
C_credential_verification,bank_verification,5,0,551803
C_credential_verification,bank_verification,5,1,556803
C_credential_verification,bank_verification,5,2,527704
C_credential_verification,bank_verification,5,3,526603
C_credential_verification,bank_verification,5,4,549203
C_credential_verification,bank_verification,5,5,541003
C_credential_verification,bank_verification,5,6,527204
C_credential_verification,bank_verification,5,7,525803
C_credential_verification,bank_verification,5,8,553803
C_credential_verification,bank_verification,5,9,538303
C_credential_verification,bank_verification,5,10,540004
C_credential_verification,bank_verification,5,11,567403
C_credential_verification,bank_verification,5,12,563204
C_credential_verification,bank_verification,5,13,526503
C_credential_verification,bank_verification,5,14,597903
C_credential_verification,bank_verification,5,15,653604
C_credential_verification,bank_verification,5,16,562204
C_credential_verification,bank_verification,5,17,581103
C_credential_verification,bank_verification,5,18,541304
C_credential_verification,bank_verification,5,19,568003
C_credential_verification,bank_verification,5,20,526803
C_credential_verification,bank_verification,5,21,527703
C_credential_verification,bank_verification,5,22,538904
C_credential_verification,bank_verification,5,23,541303
C_credential_verification,bank_verification,5,24,603204
C_credential_verification,bank_verification,5,25,529303
C_credential_verification,bank_verification,5,26,594203
C_credential_verification,bank_verification,5,27,528304
C_credential_verification,bank_verification,5,28,526803
C_credential_verification,bank_verification,5,29,525503
C_credential_verification,ca_verification,5,0,532803
C_credential_verification,ca_verification,5,1,553703
C_credential_verification,ca_verification,5,2,592704
C_credential_verification,ca_verification,5,3,539103
C_credential_verification,ca_verification,5,4,530603
C_credential_verification,ca_verification,5,5,558104
C_credential_verification,ca_verification,5,6,534203
C_credential_verification,ca_verification,5,7,531303
C_credential_verification,ca_verification,5,8,569504
C_credential_verification,ca_verification,5,9,584703
C_credential_verification,ca_verification,5,10,537704
C_credential_verification,ca_verification,5,11,597003
C_credential_verification,ca_verification,5,12,635504
C_credential_verification,ca_verification,5,13,614404
C_credential_verification,ca_verification,5,14,577803
C_credential_verification,ca_verification,5,15,588604
C_credential_verification,ca_verification,5,16,547703
C_credential_verification,ca_verification,5,17,531903
C_credential_verification,ca_verification,5,18,553504
C_credential_verification,ca_verification,5,19,557203
C_credential_verification,ca_verification,5,20,578504
C_credential_verification,ca_verification,5,21,531403
C_credential_verification,ca_verification,5,22,563103
C_credential_verification,ca_verification,5,23,576304
C_credential_verification,ca_verification,5,24,545803
C_credential_verification,ca_verification,5,25,543704
C_credential_verification,ca_verification,5,26,600703
C_credential_verification,ca_verification,5,27,547903
C_credential_verification,ca_verification,5,28,544704
C_credential_verification,ca_verification,5,29,542603
C_credential_verification,ip_verification,5,0,4765829
C_credential_verification,ip_verification,5,1,6601240
C_credential_verification,ip_verification,5,2,4689729
C_credential_verification,ip_verification,5,3,4586128
C_credential_verification,ip_verification,5,4,4532027
C_credential_verification,ip_verification,5,5,4240526
C_credential_verification,ip_verification,5,6,4131825
C_credential_verification,ip_verification,5,7,4166825
C_credential_verification,ip_verification,5,8,4381327
C_credential_verification,ip_verification,5,9,4204125
C_credential_verification,ip_verification,5,10,4267026
C_credential_verification,ip_verification,5,11,4117125
C_credential_verification,ip_verification,5,12,3646122
C_credential_verification,ip_verification,5,13,3851624
C_credential_verification,ip_verification,5,14,3828223
C_credential_verification,ip_verification,5,15,3862424
C_credential_verification,ip_verification,5,16,3999124
C_credential_verification,ip_verification,5,17,4041124
C_credential_verification,ip_verification,5,18,3815824
C_credential_verification,ip_verification,5,19,3836323
C_credential_verification,ip_verification,5,20,3646222
C_credential_verification,ip_verification,5,21,3593922
C_credential_verification,ip_verification,5,22,3842523
C_credential_verification,ip_verification,5,23,4763729
C_credential_verification,ip_verification,5,24,3960624
C_credential_verification,ip_verification,5,25,4209026
C_credential_verification,ip_verification,5,26,4235925
C_credential_verification,ip_verification,5,27,4020125
C_credential_verification,ip_verification,5,28,3694422
C_credential_verification,ip_verification,5,29,3573322
D_protected_group_processing,comp_sim,5,0,60589468
D_protected_group_processing,comp_sim,5,1,60041365
D_protected_group_processing,comp_sim,5,2,59798263
D_protected_group_processing,comp_sim,5,3,60196065
D_protected_group_processing,comp_sim,5,4,59765763
D_protected_group_processing,comp_sim,5,5,64049788
D_protected_group_processing,comp_sim,5,6,66019301
D_protected_group_processing,comp_sim,5,7,62632280
D_protected_group_processing,comp_sim,5,8,61291872
D_protected_group_processing,comp_sim,5,9,64650192
D_protected_group_processing,comp_sim,5,10,66172000
D_protected_group_processing,comp_sim,5,11,72498840
D_protected_group_processing,comp_sim,5,12,65651697
D_protected_group_processing,comp_sim,5,13,58706756
D_protected_group_processing,comp_sim,5,14,60065463
D_protected_group_processing,comp_sim,5,15,60312066
D_protected_group_processing,comp_sim,5,16,60064764
D_protected_group_processing,comp_sim,5,17,60174664
D_protected_group_processing,comp_sim,5,18,60019363
D_protected_group_processing,comp_sim,5,19,60107465
D_protected_group_processing,comp_sim,5,20,60014863
D_protected_group_processing,comp_sim,5,21,59953663
D_protected_group_processing,comp_sim,5,22,72007336
D_protected_group_processing,comp_sim,5,23,60907069
D_protected_group_processing,comp_sim,5,24,68571915
D_protected_group_processing,comp_sim,5,25,64251588
D_protected_group_processing,comp_sim,5,26,68686515
D_protected_group_processing,comp_sim,5,27,66888805
D_protected_group_processing,comp_sim,5,28,73763545
D_protected_group_processing,comp_sim,5,29,72902641
D_protected_group_processing,aggregate_addition_update_12_per_record,5,0,53946326
D_protected_group_processing,aggregate_addition_update_12_per_record,5,1,54001626
D_protected_group_processing,aggregate_addition_update_12_per_record,5,2,55144133
D_protected_group_processing,aggregate_addition_update_12_per_record,5,3,54852632
D_protected_group_processing,aggregate_addition_update_12_per_record,5,4,59167857
D_protected_group_processing,aggregate_addition_update_12_per_record,5,5,55022833
D_protected_group_processing,aggregate_addition_update_12_per_record,5,6,63018481
D_protected_group_processing,aggregate_addition_update_12_per_record,5,7,56968644
D_protected_group_processing,aggregate_addition_update_12_per_record,5,8,62181775
D_protected_group_processing,aggregate_addition_update_12_per_record,5,9,61350770
D_protected_group_processing,aggregate_addition_update_12_per_record,5,10,56535641
D_protected_group_processing,aggregate_addition_update_12_per_record,5,11,62346875
D_protected_group_processing,aggregate_addition_update_12_per_record,5,12,67872310
D_protected_group_processing,aggregate_addition_update_12_per_record,5,13,64219287
D_protected_group_processing,aggregate_addition_update_12_per_record,5,14,53892225
D_protected_group_processing,aggregate_addition_update_12_per_record,5,15,65818397
D_protected_group_processing,aggregate_addition_update_12_per_record,5,16,68672814
D_protected_group_processing,aggregate_addition_update_12_per_record,5,17,66676502
D_protected_group_processing,aggregate_addition_update_12_per_record,5,18,61889973
D_protected_group_processing,aggregate_addition_update_12_per_record,5,19,62758279
D_protected_group_processing,aggregate_addition_update_12_per_record,5,20,56934143
D_protected_group_processing,aggregate_addition_update_12_per_record,5,21,65894797
D_protected_group_processing,aggregate_addition_update_12_per_record,5,22,63509483
D_protected_group_processing,aggregate_addition_update_12_per_record,5,23,54812631
D_protected_group_processing,aggregate_addition_update_12_per_record,5,24,56169038
D_protected_group_processing,aggregate_addition_update_12_per_record,5,25,56591840
D_protected_group_processing,aggregate_addition_update_12_per_record,5,26,57111444
D_protected_group_processing,aggregate_addition_update_12_per_record,5,27,59383257
D_protected_group_processing,aggregate_addition_update_12_per_record,5,28,55199932
D_protected_group_processing,aggregate_addition_update_12_per_record,5,29,54377327
B_credential_issuance,bank_account_credential,10,0,424703
B_credential_issuance,bank_account_credential,10,1,423502
B_credential_issuance,bank_account_credential,10,2,454803
B_credential_issuance,bank_account_credential,10,3,439203
B_credential_issuance,bank_account_credential,10,4,421902
B_credential_issuance,bank_account_credential,10,5,422303
B_credential_issuance,bank_account_credential,10,6,495103
B_credential_issuance,bank_account_credential,10,7,476003
B_credential_issuance,bank_account_credential,10,8,489603
B_credential_issuance,bank_account_credential,10,9,423902
B_credential_issuance,bank_account_credential,10,10,465403
B_credential_issuance,bank_account_credential,10,11,438203
B_credential_issuance,bank_account_credential,10,12,436702
B_credential_issuance,bank_account_credential,10,13,422703
B_credential_issuance,bank_account_credential,10,14,422202
B_credential_issuance,bank_account_credential,10,15,452303
B_credential_issuance,bank_account_credential,10,16,424103
B_credential_issuance,bank_account_credential,10,17,423802
B_credential_issuance,bank_account_credential,10,18,469303
B_credential_issuance,bank_account_credential,10,19,423603
B_credential_issuance,bank_account_credential,10,20,491903
B_credential_issuance,bank_account_credential,10,21,438002
B_credential_issuance,bank_account_credential,10,22,422703
B_credential_issuance,bank_account_credential,10,23,445902
B_credential_issuance,bank_account_credential,10,24,560403
B_credential_issuance,bank_account_credential,10,25,441503
B_credential_issuance,bank_account_credential,10,26,425502
B_credential_issuance,bank_account_credential,10,27,424203
B_credential_issuance,bank_account_credential,10,28,437502
B_credential_issuance,bank_account_credential,10,29,442303
B_credential_issuance,ca_score_credential,10,0,425003
B_credential_issuance,ca_score_credential,10,1,453903
B_credential_issuance,ca_score_credential,10,2,425002
B_credential_issuance,ca_score_credential,10,3,422803
B_credential_issuance,ca_score_credential,10,4,470603
B_credential_issuance,ca_score_credential,10,5,422002
B_credential_issuance,ca_score_credential,10,6,519703
B_credential_issuance,ca_score_credential,10,7,434703
B_credential_issuance,ca_score_credential,10,8,423102
B_credential_issuance,ca_score_credential,10,9,451403
B_credential_issuance,ca_score_credential,10,10,451703
B_credential_issuance,ca_score_credential,10,11,422702
B_credential_issuance,ca_score_credential,10,12,447803
B_credential_issuance,ca_score_credential,10,13,511403
B_credential_issuance,ca_score_credential,10,14,446103
B_credential_issuance,ca_score_credential,10,15,478903
B_credential_issuance,ca_score_credential,10,16,421602
B_credential_issuance,ca_score_credential,10,17,421303
B_credential_issuance,ca_score_credential,10,18,442703
B_credential_issuance,ca_score_credential,10,19,457002
B_credential_issuance,ca_score_credential,10,20,423603
B_credential_issuance,ca_score_credential,10,21,422502
B_credential_issuance,ca_score_credential,10,22,422503
B_credential_issuance,ca_score_credential,10,23,424202
B_credential_issuance,ca_score_credential,10,24,452203
B_credential_issuance,ca_score_credential,10,25,434703
B_credential_issuance,ca_score_credential,10,26,420802
B_credential_issuance,ca_score_credential,10,27,421903
B_credential_issuance,ca_score_credential,10,28,457903
B_credential_issuance,ca_score_credential,10,29,423002
B_credential_issuance,ip_protected_attribute_credential,10,0,72078734
B_credential_issuance,ip_protected_attribute_credential,10,1,68223510
B_credential_issuance,ip_protected_attribute_credential,10,2,71865933
B_credential_issuance,ip_protected_attribute_credential,10,3,66584200
B_credential_issuance,ip_protected_attribute_credential,10,4,67429606
B_credential_issuance,ip_protected_attribute_credential,10,5,69666619
B_credential_issuance,ip_protected_attribute_credential,10,6,68003209
B_credential_issuance,ip_protected_attribute_credential,10,7,70550324
B_credential_issuance,ip_protected_attribute_credential,10,8,75239252
B_credential_issuance,ip_protected_attribute_credential,10,9,72867637
B_credential_issuance,ip_protected_attribute_credential,10,10,70159221
B_credential_issuance,ip_protected_attribute_credential,10,11,79601978
B_credential_issuance,ip_protected_attribute_credential,10,12,70187522
B_credential_issuance,ip_protected_attribute_credential,10,13,69984320
B_credential_issuance,ip_protected_attribute_credential,10,14,71328628
B_credential_issuance,ip_protected_attribute_credential,10,15,69902020
B_credential_issuance,ip_protected_attribute_credential,10,16,71806431
B_credential_issuance,ip_protected_attribute_credential,10,17,66816001
B_credential_issuance,ip_protected_attribute_credential,10,18,68136109
B_credential_issuance,ip_protected_attribute_credential,10,19,86572720
B_credential_issuance,ip_protected_attribute_credential,10,20,75266951
B_credential_issuance,ip_protected_attribute_credential,10,21,70638223
B_credential_issuance,ip_protected_attribute_credential,10,22,82837297
B_credential_issuance,ip_protected_attribute_credential,10,23,70455022
B_credential_issuance,ip_protected_attribute_credential,10,24,67595505
B_credential_issuance,ip_protected_attribute_credential,10,25,73251138
B_credential_issuance,ip_protected_attribute_credential,10,26,72341334
B_credential_issuance,ip_protected_attribute_credential,10,27,72411833
B_credential_issuance,ip_protected_attribute_credential,10,28,65922995
B_credential_issuance,ip_protected_attribute_credential,10,29,66449898
C_credential_verification,bank_verification,10,0,1071506
C_credential_verification,bank_verification,10,1,1118207
C_credential_verification,bank_verification,10,2,1065006
C_credential_verification,bank_verification,10,3,1254608
C_credential_verification,bank_verification,10,4,1059406
C_credential_verification,bank_verification,10,5,1121807
C_credential_verification,bank_verification,10,6,1075206
C_credential_verification,bank_verification,10,7,1091707
C_credential_verification,bank_verification,10,8,1074606
C_credential_verification,bank_verification,10,9,1096907
C_credential_verification,bank_verification,10,10,1113207
C_credential_verification,bank_verification,10,11,1067206
C_credential_verification,bank_verification,10,12,1093706
C_credential_verification,bank_verification,10,13,1088407
C_credential_verification,bank_verification,10,14,1178907
C_credential_verification,bank_verification,10,15,1069606
C_credential_verification,bank_verification,10,16,1115207
C_credential_verification,bank_verification,10,17,1110507
C_credential_verification,bank_verification,10,18,1286608
C_credential_verification,bank_verification,10,19,1117806
C_credential_verification,bank_verification,10,20,1105907
C_credential_verification,bank_verification,10,21,1131207
C_credential_verification,bank_verification,10,22,1107506
C_credential_verification,bank_verification,10,23,1162107
C_credential_verification,bank_verification,10,24,1114507
C_credential_verification,bank_verification,10,25,1101807
C_credential_verification,bank_verification,10,26,1097806
C_credential_verification,bank_verification,10,27,1116507
C_credential_verification,bank_verification,10,28,1173307
C_credential_verification,bank_verification,10,29,1066806
C_credential_verification,ca_verification,10,0,1117707
C_credential_verification,ca_verification,10,1,1389808
C_credential_verification,ca_verification,10,2,1086207
C_credential_verification,ca_verification,10,3,1113007
C_credential_verification,ca_verification,10,4,1143506
C_credential_verification,ca_verification,10,5,1157007
C_credential_verification,ca_verification,10,6,1131207
C_credential_verification,ca_verification,10,7,1132507
C_credential_verification,ca_verification,10,8,1137407
C_credential_verification,ca_verification,10,9,1119407
C_credential_verification,ca_verification,10,10,1187007
C_credential_verification,ca_verification,10,11,1097806
C_credential_verification,ca_verification,10,12,1153307
C_credential_verification,ca_verification,10,13,1853011
C_credential_verification,ca_verification,10,14,1632010
C_credential_verification,ca_verification,10,15,1864111
C_credential_verification,ca_verification,10,16,1725211
C_credential_verification,ca_verification,10,17,1209907
C_credential_verification,ca_verification,10,18,1341508
C_credential_verification,ca_verification,10,19,1198007
C_credential_verification,ca_verification,10,20,1396908
C_credential_verification,ca_verification,10,21,1137007
C_credential_verification,ca_verification,10,22,1123207
C_credential_verification,ca_verification,10,23,1146107
C_credential_verification,ca_verification,10,24,1171707
C_credential_verification,ca_verification,10,25,1223807
C_credential_verification,ca_verification,10,26,1216907
C_credential_verification,ca_verification,10,27,1297408
C_credential_verification,ca_verification,10,28,1288508
C_credential_verification,ca_verification,10,29,1269508
C_credential_verification,ip_verification,10,0,8612652
C_credential_verification,ip_verification,10,1,7666446
C_credential_verification,ip_verification,10,2,7448244
C_credential_verification,ip_verification,10,3,7480145
C_credential_verification,ip_verification,10,4,9793159
C_credential_verification,ip_verification,10,5,8789053
C_credential_verification,ip_verification,10,6,8505350
C_credential_verification,ip_verification,10,7,9425957
C_credential_verification,ip_verification,10,8,9487757
C_credential_verification,ip_verification,10,9,9674658
C_credential_verification,ip_verification,10,10,9345856
C_credential_verification,ip_verification,10,11,8266949
C_credential_verification,ip_verification,10,12,7613246
C_credential_verification,ip_verification,10,13,8873453
C_credential_verification,ip_verification,10,14,7802347
C_credential_verification,ip_verification,10,15,7763946
C_credential_verification,ip_verification,10,16,7346544
C_credential_verification,ip_verification,10,17,7584646
C_credential_verification,ip_verification,10,18,7296943
C_credential_verification,ip_verification,10,19,7390245
C_credential_verification,ip_verification,10,20,7317444
C_credential_verification,ip_verification,10,21,7373544
C_credential_verification,ip_verification,10,22,7245343
C_credential_verification,ip_verification,10,23,7439444
C_credential_verification,ip_verification,10,24,7268044
C_credential_verification,ip_verification,10,25,7328644
C_credential_verification,ip_verification,10,26,7553145
C_credential_verification,ip_verification,10,27,7432544
C_credential_verification,ip_verification,10,28,8780153
C_credential_verification,ip_verification,10,29,8697652
D_protected_group_processing,comp_sim,10,0,137217120
D_protected_group_processing,comp_sim,10,1,130294779
D_protected_group_processing,comp_sim,10,2,123513538
D_protected_group_processing,comp_sim,10,3,127932065
D_protected_group_processing,comp_sim,10,4,139496734
D_protected_group_processing,comp_sim,10,5,125756323
D_protected_group_processing,comp_sim,10,6,131232360
D_protected_group_processing,comp_sim,10,7,131679562
D_protected_group_processing,comp_sim,10,8,123591221
D_protected_group_processing,comp_sim,10,9,119141099
D_protected_group_processing,comp_sim,10,10,122385716
D_protected_group_processing,comp_sim,10,11,125108329
D_protected_group_processing,comp_sim,10,12,123920323
D_protected_group_processing,comp_sim,10,13,125309129
D_protected_group_processing,comp_sim,10,14,143940622
D_protected_group_processing,comp_sim,10,15,336445087
D_protected_group_processing,comp_sim,10,16,192922968
D_protected_group_processing,comp_sim,10,17,189063148
D_protected_group_processing,comp_sim,10,18,188346042
D_protected_group_processing,comp_sim,10,19,165677229
D_protected_group_processing,comp_sim,10,20,164097021
D_protected_group_processing,comp_sim,10,21,150718954
D_protected_group_processing,comp_sim,10,22,144006420
D_protected_group_processing,comp_sim,10,23,143922720
D_protected_group_processing,comp_sim,10,24,142873914
D_protected_group_processing,comp_sim,10,25,148732742
D_protected_group_processing,comp_sim,10,26,143040014
D_protected_group_processing,comp_sim,10,27,138504491
D_protected_group_processing,comp_sim,10,28,137645287
D_protected_group_processing,comp_sim,10,29,136000478
D_protected_group_processing,aggregate_addition_update_12_per_record,10,0,69488646
D_protected_group_processing,aggregate_addition_update_12_per_record,10,1,68417940
D_protected_group_processing,aggregate_addition_update_12_per_record,10,2,71242155
D_protected_group_processing,aggregate_addition_update_12_per_record,10,3,70933353
D_protected_group_processing,aggregate_addition_update_12_per_record,10,4,72972363
D_protected_group_processing,aggregate_addition_update_12_per_record,10,5,74899973
D_protected_group_processing,aggregate_addition_update_12_per_record,10,6,78275989
D_protected_group_processing,aggregate_addition_update_12_per_record,10,7,73154664
D_protected_group_processing,aggregate_addition_update_12_per_record,10,8,70608852
D_protected_group_processing,aggregate_addition_update_12_per_record,10,9,69421845
D_protected_group_processing,aggregate_addition_update_12_per_record,10,10,71435456
D_protected_group_processing,aggregate_addition_update_12_per_record,10,11,69211344
D_protected_group_processing,aggregate_addition_update_12_per_record,10,12,68243240
D_protected_group_processing,aggregate_addition_update_12_per_record,10,13,66375329
D_protected_group_processing,aggregate_addition_update_12_per_record,10,14,69777346
D_protected_group_processing,aggregate_addition_update_12_per_record,10,15,72374560
D_protected_group_processing,aggregate_addition_update_12_per_record,10,16,70470450
D_protected_group_processing,aggregate_addition_update_12_per_record,10,17,73900966
D_protected_group_processing,aggregate_addition_update_12_per_record,10,18,71167654
D_protected_group_processing,aggregate_addition_update_12_per_record,10,19,69078142
D_protected_group_processing,aggregate_addition_update_12_per_record,10,20,72568461
D_protected_group_processing,aggregate_addition_update_12_per_record,10,21,68672441
D_protected_group_processing,aggregate_addition_update_12_per_record,10,22,67132833
D_protected_group_processing,aggregate_addition_update_12_per_record,10,23,67848137
D_protected_group_processing,aggregate_addition_update_12_per_record,10,24,66966932
D_protected_group_processing,aggregate_addition_update_12_per_record,10,25,78672090
D_protected_group_processing,aggregate_addition_update_12_per_record,10,26,66508631
D_protected_group_processing,aggregate_addition_update_12_per_record,10,27,68907341
D_protected_group_processing,aggregate_addition_update_12_per_record,10,28,67710835
D_protected_group_processing,aggregate_addition_update_12_per_record,10,29,68816041
B_credential_issuance,bank_account_credential,25,0,1379107
B_credential_issuance,bank_account_credential,25,1,1377806
B_credential_issuance,bank_account_credential,25,2,1298107
B_credential_issuance,bank_account_credential,25,3,1360707
B_credential_issuance,bank_account_credential,25,4,1376206
B_credential_issuance,bank_account_credential,25,5,1289207
B_credential_issuance,bank_account_credential,25,6,1321606
B_credential_issuance,bank_account_credential,25,7,1440107
B_credential_issuance,bank_account_credential,25,8,1258307
B_credential_issuance,bank_account_credential,25,9,1299606
B_credential_issuance,ca_score_credential,25,0,1349507
B_credential_issuance,ca_score_credential,25,1,1360006
B_credential_issuance,ca_score_credential,25,2,1263107
B_credential_issuance,ca_score_credential,25,3,1299206
B_credential_issuance,ca_score_credential,25,4,1471607
B_credential_issuance,ca_score_credential,25,5,1335207
B_credential_issuance,ca_score_credential,25,6,1296106
B_credential_issuance,ca_score_credential,25,7,1303107
B_credential_issuance,ca_score_credential,25,8,1517007
B_credential_issuance,ca_score_credential,25,9,1366707
B_credential_issuance,ip_protected_attribute_credential,25,0,192345252
B_credential_issuance,ip_protected_attribute_credential,25,1,194853664
B_credential_issuance,ip_protected_attribute_credential,25,2,198609381
B_credential_issuance,ip_protected_attribute_credential,25,3,199834887
B_credential_issuance,ip_protected_attribute_credential,25,4,188233329
B_credential_issuance,ip_protected_attribute_credential,25,5,195818967
B_credential_issuance,ip_protected_attribute_credential,25,6,206746121
B_credential_issuance,ip_protected_attribute_credential,25,7,196234133
B_credential_issuance,ip_protected_attribute_credential,25,8,197880500
B_credential_issuance,ip_protected_attribute_credential,25,9,196110491
C_credential_verification,bank_verification,25,0,3200214
C_credential_verification,bank_verification,25,1,3189015
C_credential_verification,bank_verification,25,2,3161214
C_credential_verification,bank_verification,25,3,3191915
C_credential_verification,bank_verification,25,4,3191814
C_credential_verification,bank_verification,25,5,3146214
C_credential_verification,bank_verification,25,6,3176315
C_credential_verification,bank_verification,25,7,3192314
C_credential_verification,bank_verification,25,8,3155715
C_credential_verification,bank_verification,25,9,3165314
C_credential_verification,ca_verification,25,0,3178115
C_credential_verification,ca_verification,25,1,3164414
C_credential_verification,ca_verification,25,2,3203915
C_credential_verification,ca_verification,25,3,3142014
C_credential_verification,ca_verification,25,4,3202615
C_credential_verification,ca_verification,25,5,3238214
C_credential_verification,ca_verification,25,6,3137815
C_credential_verification,ca_verification,25,7,3187314
C_credential_verification,ca_verification,25,8,3222015
C_credential_verification,ca_verification,25,9,6494429
C_credential_verification,ip_verification,25,0,21886500
C_credential_verification,ip_verification,25,1,28423229
C_credential_verification,ip_verification,25,2,24524711
C_credential_verification,ip_verification,25,3,22649403
C_credential_verification,ip_verification,25,4,22798103
C_credential_verification,ip_verification,25,5,23090005
C_credential_verification,ip_verification,25,6,23576407
C_credential_verification,ip_verification,25,7,22406802
C_credential_verification,ip_verification,25,8,22411301
C_credential_verification,ip_verification,25,9,22209701
D_protected_group_processing,comp_sim,25,0,376039201
D_protected_group_processing,comp_sim,25,1,354171101
D_protected_group_processing,comp_sim,25,2,396722192
D_protected_group_processing,comp_sim,25,3,414927771
D_protected_group_processing,comp_sim,25,4,358635316
D_protected_group_processing,comp_sim,25,5,397963591
D_protected_group_processing,comp_sim,25,6,363676435
D_protected_group_processing,comp_sim,25,7,508375383
D_protected_group_processing,comp_sim,25,8,545516045
D_protected_group_processing,comp_sim,25,9,615221454
D_protected_group_processing,aggregate_addition_update_12_per_record,25,0,198227384
D_protected_group_processing,aggregate_addition_update_12_per_record,25,1,160094613
D_protected_group_processing,aggregate_addition_update_12_per_record,25,2,154926991
D_protected_group_processing,aggregate_addition_update_12_per_record,25,3,137039610
D_protected_group_processing,aggregate_addition_update_12_per_record,25,4,125447259
D_protected_group_processing,aggregate_addition_update_12_per_record,25,5,112393100
D_protected_group_processing,aggregate_addition_update_12_per_record,25,6,106251881
D_protected_group_processing,aggregate_addition_update_12_per_record,25,7,104945504
D_protected_group_processing,aggregate_addition_update_12_per_record,25,8,103894900
D_protected_group_processing,aggregate_addition_update_12_per_record,25,9,102486396
B_credential_issuance,bank_account_credential,50,0,3372010
B_credential_issuance,bank_account_credential,50,1,3525310
B_credential_issuance,bank_account_credential,50,2,3514610
B_credential_issuance,bank_account_credential,50,3,3457510
B_credential_issuance,bank_account_credential,50,4,3337910
B_credential_issuance,bank_account_credential,50,5,3552310
B_credential_issuance,bank_account_credential,50,6,3738511
B_credential_issuance,bank_account_credential,50,7,4735913
B_credential_issuance,bank_account_credential,50,8,3447610
B_credential_issuance,bank_account_credential,50,9,3342610
B_credential_issuance,ca_score_credential,50,0,3403510
B_credential_issuance,ca_score_credential,50,1,3297409
B_credential_issuance,ca_score_credential,50,2,3429610
B_credential_issuance,ca_score_credential,50,3,3387210
B_credential_issuance,ca_score_credential,50,4,3433310
B_credential_issuance,ca_score_credential,50,5,3323310
B_credential_issuance,ca_score_credential,50,6,3420709
B_credential_issuance,ca_score_credential,50,7,3493111
B_credential_issuance,ca_score_credential,50,8,3777710
B_credential_issuance,ca_score_credential,50,9,3420510
B_credential_issuance,ip_protected_attribute_credential,50,0,670603120
B_credential_issuance,ip_protected_attribute_credential,50,1,619723471
B_credential_issuance,ip_protected_attribute_credential,50,2,805934995
B_credential_issuance,ip_protected_attribute_credential,50,3,630205389
B_credential_issuance,ip_protected_attribute_credential,50,4,509816243
B_credential_issuance,ip_protected_attribute_credential,50,5,495425400
B_credential_issuance,ip_protected_attribute_credential,50,6,647688725
B_credential_issuance,ip_protected_attribute_credential,50,7,569918702
B_credential_issuance,ip_protected_attribute_credential,50,8,513633177
B_credential_issuance,ip_protected_attribute_credential,50,9,514415381
C_credential_verification,bank_verification,50,0,8673689
C_credential_verification,bank_verification,50,1,8440089
C_credential_verification,bank_verification,50,2,8096490
C_credential_verification,bank_verification,50,3,8341289
C_credential_verification,bank_verification,50,4,8220090
C_credential_verification,bank_verification,50,5,8364289
C_credential_verification,bank_verification,50,6,8250590
C_credential_verification,bank_verification,50,7,8211389
C_credential_verification,bank_verification,50,8,7836590
C_credential_verification,bank_verification,50,9,7912890
C_credential_verification,ca_verification,50,0,7911190
C_credential_verification,ca_verification,50,1,7905589
C_credential_verification,ca_verification,50,2,7897990
C_credential_verification,ca_verification,50,3,8031590
C_credential_verification,ca_verification,50,4,7866890
C_credential_verification,ca_verification,50,5,9678788
C_credential_verification,ca_verification,50,6,8080989
C_credential_verification,ca_verification,50,7,7643491
C_credential_verification,ca_verification,50,8,8098389
C_credential_verification,ca_verification,50,9,7831690
C_credential_verification,ip_verification,50,0,52648733
C_credential_verification,ip_verification,50,1,76591302
C_credential_verification,ip_verification,50,2,69189012
C_credential_verification,ip_verification,50,3,58779424
C_credential_verification,ip_verification,50,4,64411217
C_credential_verification,ip_verification,50,5,62692619
C_credential_verification,ip_verification,50,6,81849195
C_credential_verification,ip_verification,50,7,71347508
C_credential_verification,ip_verification,50,8,68890611
C_credential_verification,ip_verification,50,9,60276722
D_protected_group_processing,comp_sim,50,0,1326347847
D_protected_group_processing,comp_sim,50,1,816902035
D_protected_group_processing,comp_sim,50,2,835376095
D_protected_group_processing,comp_sim,50,3,748033565
D_protected_group_processing,comp_sim,50,4,739753928
D_protected_group_processing,comp_sim,50,5,870555149
D_protected_group_processing,comp_sim,50,6,727572153
D_protected_group_processing,comp_sim,50,7,744020400
D_protected_group_processing,comp_sim,50,8,720816019
D_protected_group_processing,comp_sim,50,9,750807909
D_protected_group_processing,aggregate_addition_update_12_per_record,50,0,97874813
D_protected_group_processing,aggregate_addition_update_12_per_record,50,1,91988694
D_protected_group_processing,aggregate_addition_update_12_per_record,50,2,93138097
D_protected_group_processing,aggregate_addition_update_12_per_record,50,3,94766501
D_protected_group_processing,aggregate_addition_update_12_per_record,50,4,93569098
D_protected_group_processing,aggregate_addition_update_12_per_record,50,5,92268994
D_protected_group_processing,aggregate_addition_update_12_per_record,50,6,92591895
D_protected_group_processing,aggregate_addition_update_12_per_record,50,7,93630198
D_protected_group_processing,aggregate_addition_update_12_per_record,50,8,93840599
D_protected_group_processing,aggregate_addition_update_12_per_record,50,9,93327397
B_credential_issuance,bank_account_credential,100,0,5139516
B_credential_issuance,bank_account_credential,100,1,4993616
B_credential_issuance,bank_account_credential,100,2,5051816
B_credential_issuance,bank_account_credential,100,3,5033416
B_credential_issuance,bank_account_credential,100,4,5019416
B_credential_issuance,bank_account_credential,100,5,5055616
B_credential_issuance,bank_account_credential,100,6,5023016
B_credential_issuance,bank_account_credential,100,7,4997016
B_credential_issuance,bank_account_credential,100,8,5046416
B_credential_issuance,bank_account_credential,100,9,4981616
B_credential_issuance,ca_score_credential,100,0,5029716
B_credential_issuance,ca_score_credential,100,1,5086816
B_credential_issuance,ca_score_credential,100,2,5094916
B_credential_issuance,ca_score_credential,100,3,5076117
B_credential_issuance,ca_score_credential,100,4,5298516
B_credential_issuance,ca_score_credential,100,5,5114617
B_credential_issuance,ca_score_credential,100,6,5015816
B_credential_issuance,ca_score_credential,100,7,8795528
B_credential_issuance,ca_score_credential,100,8,11163335
B_credential_issuance,ca_score_credential,100,9,5250417
B_credential_issuance,ip_protected_attribute_credential,100,0,824231342
B_credential_issuance,ip_protected_attribute_credential,100,1,860193970
B_credential_issuance,ip_protected_attribute_credential,100,2,973370787
B_credential_issuance,ip_protected_attribute_credential,100,3,840621143
B_credential_issuance,ip_protected_attribute_credential,100,4,783018616
B_credential_issuance,ip_protected_attribute_credential,100,5,886737180
B_credential_issuance,ip_protected_attribute_credential,100,6,823196160
B_credential_issuance,ip_protected_attribute_credential,100,7,844243553
B_credential_issuance,ip_protected_attribute_credential,100,8,788948453
B_credential_issuance,ip_protected_attribute_credential,100,9,797522574
C_credential_verification,bank_verification,100,0,12878554
C_credential_verification,bank_verification,100,1,12678152
C_credential_verification,bank_verification,100,2,12684453
C_credential_verification,bank_verification,100,3,12766654
C_credential_verification,bank_verification,100,4,12824853
C_credential_verification,bank_verification,100,5,12753253
C_credential_verification,bank_verification,100,6,12809054
C_credential_verification,bank_verification,100,7,12697753
C_credential_verification,bank_verification,100,8,13434856
C_credential_verification,bank_verification,100,9,12978654
C_credential_verification,ca_verification,100,0,12722553
C_credential_verification,ca_verification,100,1,15587765
C_credential_verification,ca_verification,100,2,20444886
C_credential_verification,ca_verification,100,3,13794057
C_credential_verification,ca_verification,100,4,13725357
C_credential_verification,ca_verification,100,5,14536661
C_credential_verification,ca_verification,100,6,13750757
C_credential_verification,ca_verification,100,7,13803558
C_credential_verification,ca_verification,100,8,13501456
C_credential_verification,ca_verification,100,9,13622556
C_credential_verification,ip_verification,100,0,89560372
C_credential_verification,ip_verification,100,1,90644577
C_credential_verification,ip_verification,100,2,92372384
C_credential_verification,ip_verification,100,3,90525177
C_credential_verification,ip_verification,100,4,90494876
C_credential_verification,ip_verification,100,5,87755865
C_credential_verification,ip_verification,100,6,86343759
C_credential_verification,ip_verification,100,7,99846715
C_credential_verification,ip_verification,100,8,88393767
C_credential_verification,ip_verification,100,9,87060660
D_protected_group_processing,comp_sim,100,0,1421028634
D_protected_group_processing,comp_sim,100,1,1450077731
D_protected_group_processing,comp_sim,100,2,1432154124
D_protected_group_processing,comp_sim,100,3,1438917776
D_protected_group_processing,comp_sim,100,4,1501549640
D_protected_group_processing,comp_sim,100,5,1441868039
D_protected_group_processing,comp_sim,100,6,1413599798
D_protected_group_processing,comp_sim,100,7,1416107810
D_protected_group_processing,comp_sim,100,8,1440725965
D_protected_group_processing,comp_sim,100,9,1454345690
D_protected_group_processing,aggregate_addition_update_12_per_record,100,0,132470496
D_protected_group_processing,aggregate_addition_update_12_per_record,100,1,135283006
D_protected_group_processing,aggregate_addition_update_12_per_record,100,2,135257907
D_protected_group_processing,aggregate_addition_update_12_per_record,100,3,129474485
D_protected_group_processing,aggregate_addition_update_12_per_record,100,4,127853078
D_protected_group_processing,aggregate_addition_update_12_per_record,100,5,141905332
D_protected_group_processing,aggregate_addition_update_12_per_record,100,6,131748692
D_protected_group_processing,aggregate_addition_update_12_per_record,100,7,144938341
D_protected_group_processing,aggregate_addition_update_12_per_record,100,8,148448954
D_protected_group_processing,aggregate_addition_update_12_per_record,100,9,145726744
B_credential_issuance,bank_account_credential,250,0,15148357
B_credential_issuance,bank_account_credential,250,1,14865755
B_credential_issuance,bank_account_credential,250,2,14853556
B_credential_issuance,bank_account_credential,250,3,14921155
B_credential_issuance,bank_account_credential,250,4,14414954
B_credential_issuance,ca_score_credential,250,0,14775156
B_credential_issuance,ca_score_credential,250,1,14855055
B_credential_issuance,ca_score_credential,250,2,14612955
B_credential_issuance,ca_score_credential,250,3,14506154
B_credential_issuance,ca_score_credential,250,4,14777555
B_credential_issuance,ip_protected_attribute_credential,250,0,2394944907
B_credential_issuance,ip_protected_attribute_credential,250,1,2098254515
B_credential_issuance,ip_protected_attribute_credential,250,2,2080971579
B_credential_issuance,ip_protected_attribute_credential,250,3,2025264070
B_credential_issuance,ip_protected_attribute_credential,250,4,2031615252
C_credential_verification,bank_verification,250,0,34654928
C_credential_verification,bank_verification,250,1,34116326
C_credential_verification,bank_verification,250,2,33585824
C_credential_verification,bank_verification,250,3,34298527
C_credential_verification,bank_verification,250,4,42854658
C_credential_verification,ca_verification,250,0,50583987
C_credential_verification,ca_verification,250,1,37197337
C_credential_verification,ca_verification,250,2,37762640
C_credential_verification,ca_verification,250,3,39911847
C_credential_verification,ca_verification,250,4,37581639
C_credential_verification,ip_verification,250,0,223176521
C_credential_verification,ip_verification,250,1,217517001
C_credential_verification,ip_verification,250,2,218800505
C_credential_verification,ip_verification,250,3,219638907
C_credential_verification,ip_verification,250,4,214716387
D_protected_group_processing,comp_sim,250,0,3840714321
D_protected_group_processing,comp_sim,250,1,3688893191
D_protected_group_processing,comp_sim,250,2,3660119638
D_protected_group_processing,comp_sim,250,3,3617365346
D_protected_group_processing,comp_sim,250,4,3700459193
D_protected_group_processing,aggregate_addition_update_12_per_record,250,0,238029964
D_protected_group_processing,aggregate_addition_update_12_per_record,250,1,252287333
D_protected_group_processing,aggregate_addition_update_12_per_record,250,2,250381524
D_protected_group_processing,aggregate_addition_update_12_per_record,250,3,231624632
D_protected_group_processing,aggregate_addition_update_12_per_record,250,4,238193662
B_credential_issuance,bank_account_credential,500,0,27493235
B_credential_issuance,bank_account_credential,500,1,28031436
B_credential_issuance,bank_account_credential,500,2,27872636
B_credential_issuance,bank_account_credential,500,3,27555135
B_credential_issuance,bank_account_credential,500,4,27202132
B_credential_issuance,ca_score_credential,500,0,26477030
B_credential_issuance,ca_score_credential,500,1,26492929
B_credential_issuance,ca_score_credential,500,2,26526729
B_credential_issuance,ca_score_credential,500,3,26554530
B_credential_issuance,ca_score_credential,500,4,25933826
B_credential_issuance,ip_protected_attribute_credential,500,0,4163341015
B_credential_issuance,ip_protected_attribute_credential,500,1,4294899782
B_credential_issuance,ip_protected_attribute_credential,500,2,4310064665
B_credential_issuance,ip_protected_attribute_credential,500,3,4586535766
B_credential_issuance,ip_protected_attribute_credential,500,4,4784988696
C_credential_verification,bank_verification,500,0,80122146
C_credential_verification,bank_verification,500,1,79590645
C_credential_verification,bank_verification,500,2,78249041
C_credential_verification,bank_verification,500,3,82680054
C_credential_verification,bank_verification,500,4,78126040
C_credential_verification,ca_verification,500,0,81083748
C_credential_verification,ca_verification,500,1,81043649
C_credential_verification,ca_verification,500,2,77176347
C_credential_verification,ca_verification,500,3,76988761
C_credential_verification,ca_verification,500,4,76487759
C_credential_verification,ip_verification,500,0,505535607
C_credential_verification,ip_verification,500,1,485516535
C_credential_verification,ip_verification,500,2,499050181
C_credential_verification,ip_verification,500,3,578515342
C_credential_verification,ip_verification,500,4,591225784
D_protected_group_processing,comp_sim,500,0,8507269398
D_protected_group_processing,comp_sim,500,1,8709778716
D_protected_group_processing,comp_sim,500,2,9024923965
D_protected_group_processing,comp_sim,500,3,9414324715
D_protected_group_processing,comp_sim,500,4,11680316772
D_protected_group_processing,aggregate_addition_update_12_per_record,500,0,645321690
D_protected_group_processing,aggregate_addition_update_12_per_record,500,1,625139022
D_protected_group_processing,aggregate_addition_update_12_per_record,500,2,729975857
D_protected_group_processing,aggregate_addition_update_12_per_record,500,3,876271224
D_protected_group_processing,aggregate_addition_update_12_per_record,500,4,706878572
B_credential_issuance,bank_account_credential,1000,0,114304367
B_credential_issuance,bank_account_credential,1000,1,108511748
B_credential_issuance,bank_account_credential,1000,2,106962543
B_credential_issuance,bank_account_credential,1000,3,103330231
B_credential_issuance,bank_account_credential,1000,4,96611110
B_credential_issuance,ca_score_credential,1000,0,108667049
B_credential_issuance,ca_score_credential,1000,1,116725874
B_credential_issuance,ca_score_credential,1000,2,100916223
B_credential_issuance,ca_score_credential,1000,3,143544359
B_credential_issuance,ca_score_credential,1000,4,123346395
B_credential_issuance,ip_protected_attribute_credential,1000,0,14381130110
B_credential_issuance,ip_protected_attribute_credential,1000,1,15607611813
B_credential_issuance,ip_protected_attribute_credential,1000,2,17652140785
B_credential_issuance,ip_protected_attribute_credential,1000,3,15660341280
B_credential_issuance,ip_protected_attribute_credential,1000,4,13272018854
C_credential_verification,bank_verification,1000,0,161531462
C_credential_verification,bank_verification,1000,1,161342708
C_credential_verification,bank_verification,1000,2,167862341
C_credential_verification,bank_verification,1000,3,166330332
C_credential_verification,bank_verification,1000,4,166595034
C_credential_verification,ca_verification,1000,0,175517478
C_credential_verification,ca_verification,1000,1,182404612
C_credential_verification,ca_verification,1000,2,183185016
C_credential_verification,ca_verification,1000,3,170984354
C_credential_verification,ca_verification,1000,4,176456882
C_credential_verification,ip_verification,1000,0,1200056150
C_credential_verification,ip_verification,1000,1,1064313008
C_credential_verification,ip_verification,1000,2,1206797955
C_credential_verification,ip_verification,1000,3,1216304819
C_credential_verification,ip_verification,1000,4,1073683849
D_protected_group_processing,comp_sim,1000,0,18470454381
D_protected_group_processing,comp_sim,1000,1,18948043097
D_protected_group_processing,comp_sim,1000,2,18872716660
D_protected_group_processing,comp_sim,1000,3,17943830517
D_protected_group_processing,comp_sim,1000,4,18243662377
D_protected_group_processing,aggregate_addition_update_12_per_record,1000,0,984668084
D_protected_group_processing,aggregate_addition_update_12_per_record,1000,1,912343098
D_protected_group_processing,aggregate_addition_update_12_per_record,1000,2,923302050
D_protected_group_processing,aggregate_addition_update_12_per_record,1000,3,930281307
D_protected_group_processing,aggregate_addition_update_12_per_record,1000,4,968125383
E_audit_finalization,aggregate_packet_serialization,1,0,6578154
E_audit_finalization,aggregate_packet_serialization,1,1,6726858
E_audit_finalization,aggregate_packet_serialization,1,2,6771759
E_audit_finalization,aggregate_packet_serialization,1,3,7011465
E_audit_finalization,aggregate_packet_serialization,1,4,6785159
E_audit_finalization,aggregate_packet_serialization,1,5,6719658
E_audit_finalization,aggregate_packet_serialization,1,6,6770159
E_audit_finalization,aggregate_packet_serialization,1,7,6746359
E_audit_finalization,aggregate_packet_serialization,1,8,19791964
E_audit_finalization,aggregate_packet_serialization,1,9,6936862
E_audit_finalization,aggregate_packet_serialization,1,10,7054166
E_audit_finalization,aggregate_packet_serialization,1,11,6571254
E_audit_finalization,aggregate_packet_serialization,1,12,6796160
E_audit_finalization,aggregate_packet_serialization,1,13,6633756
E_audit_finalization,aggregate_packet_serialization,1,14,6840560
E_audit_finalization,aggregate_packet_serialization,1,15,6604556
E_audit_finalization,aggregate_packet_serialization,1,16,6596254
E_audit_finalization,aggregate_packet_serialization,1,17,6741358
E_audit_finalization,aggregate_packet_serialization,1,18,6556054
E_audit_finalization,aggregate_packet_serialization,1,19,6921362
E_audit_finalization,aggregate_packet_serialization,1,20,6625456
E_audit_finalization,aggregate_packet_serialization,1,21,6748958
E_audit_finalization,aggregate_packet_serialization,1,22,6768559
E_audit_finalization,aggregate_packet_serialization,1,23,6754159
E_audit_finalization,aggregate_packet_serialization,1,24,7013265
E_audit_finalization,aggregate_packet_serialization,1,25,6604655
E_audit_finalization,aggregate_packet_serialization,1,26,6800960
E_audit_finalization,aggregate_packet_serialization,1,27,6658056
E_audit_finalization,aggregate_packet_serialization,1,28,6699757
E_audit_finalization,aggregate_packet_serialization,1,29,6761359
E_audit_finalization,fla_aggregate_deserialization_12_ciphertexts,1,0,4675710
E_audit_finalization,fla_aggregate_deserialization_12_ciphertexts,1,1,4740311
E_audit_finalization,fla_aggregate_deserialization_12_ciphertexts,1,2,5249823
E_audit_finalization,fla_aggregate_deserialization_12_ciphertexts,1,3,5232323
E_audit_finalization,fla_aggregate_deserialization_12_ciphertexts,1,4,5068819
E_audit_finalization,fla_aggregate_deserialization_12_ciphertexts,1,5,4965417
E_audit_finalization,fla_aggregate_deserialization_12_ciphertexts,1,6,4972217
E_audit_finalization,fla_aggregate_deserialization_12_ciphertexts,1,7,4743611
E_audit_finalization,fla_aggregate_deserialization_12_ciphertexts,1,8,4741511
E_audit_finalization,fla_aggregate_deserialization_12_ciphertexts,1,9,5001018
E_audit_finalization,fla_aggregate_deserialization_12_ciphertexts,1,10,4753311
E_audit_finalization,fla_aggregate_deserialization_12_ciphertexts,1,11,4736211
E_audit_finalization,fla_aggregate_deserialization_12_ciphertexts,1,12,4878214
E_audit_finalization,fla_aggregate_deserialization_12_ciphertexts,1,13,4974217
E_audit_finalization,fla_aggregate_deserialization_12_ciphertexts,1,14,4765212
E_audit_finalization,fla_aggregate_deserialization_12_ciphertexts,1,15,4727811
E_audit_finalization,fla_aggregate_deserialization_12_ciphertexts,1,16,4798012
E_audit_finalization,fla_aggregate_deserialization_12_ciphertexts,1,17,5026418
E_audit_finalization,fla_aggregate_deserialization_12_ciphertexts,1,18,5058219
E_audit_finalization,fla_aggregate_deserialization_12_ciphertexts,1,19,5495929
E_audit_finalization,fla_aggregate_deserialization_12_ciphertexts,1,20,4849814
E_audit_finalization,fla_aggregate_deserialization_12_ciphertexts,1,21,4855114
E_audit_finalization,fla_aggregate_deserialization_12_ciphertexts,1,22,5238223
E_audit_finalization,fla_aggregate_deserialization_12_ciphertexts,1,23,6209146
E_audit_finalization,fla_aggregate_deserialization_12_ciphertexts,1,24,5042218
E_audit_finalization,fla_aggregate_deserialization_12_ciphertexts,1,25,4946616
E_audit_finalization,fla_aggregate_deserialization_12_ciphertexts,1,26,5154321
E_audit_finalization,fla_aggregate_deserialization_12_ciphertexts,1,27,4834414
E_audit_finalization,fla_aggregate_deserialization_12_ciphertexts,1,28,4982117
E_audit_finalization,fla_aggregate_deserialization_12_ciphertexts,1,29,5400727
E_audit_finalization,aggregate_decryption_full_12_ciphertexts,1,0,18610337
E_audit_finalization,aggregate_decryption_full_12_ciphertexts,1,1,17737116
E_audit_finalization,aggregate_decryption_full_12_ciphertexts,1,2,17733616
E_audit_finalization,aggregate_decryption_full_12_ciphertexts,1,3,22876037
E_audit_finalization,aggregate_decryption_full_12_ciphertexts,1,4,17898120
E_audit_finalization,aggregate_decryption_full_12_ciphertexts,1,5,17602113
E_audit_finalization,aggregate_decryption_full_12_ciphertexts,1,6,17710516
E_audit_finalization,aggregate_decryption_full_12_ciphertexts,1,7,17376108
E_audit_finalization,aggregate_decryption_full_12_ciphertexts,1,8,17706515
E_audit_finalization,aggregate_decryption_full_12_ciphertexts,1,9,17340007
E_audit_finalization,aggregate_decryption_full_12_ciphertexts,1,10,17636314
E_audit_finalization,aggregate_decryption_full_12_ciphertexts,1,11,18029424
E_audit_finalization,aggregate_decryption_full_12_ciphertexts,1,12,17393808
E_audit_finalization,aggregate_decryption_full_12_ciphertexts,1,13,17080801
E_audit_finalization,aggregate_decryption_full_12_ciphertexts,1,14,17036500
E_audit_finalization,aggregate_decryption_full_12_ciphertexts,1,15,17074801
E_audit_finalization,aggregate_decryption_full_12_ciphertexts,1,16,17015399
E_audit_finalization,aggregate_decryption_full_12_ciphertexts,1,17,17390308
E_audit_finalization,aggregate_decryption_full_12_ciphertexts,1,18,17108802
E_audit_finalization,aggregate_decryption_full_12_ciphertexts,1,19,17086201
E_audit_finalization,aggregate_decryption_full_12_ciphertexts,1,20,17179803
E_audit_finalization,aggregate_decryption_full_12_ciphertexts,1,21,17570713
E_audit_finalization,aggregate_decryption_full_12_ciphertexts,1,22,17389608
E_audit_finalization,aggregate_decryption_full_12_ciphertexts,1,23,17445910
E_audit_finalization,aggregate_decryption_full_12_ciphertexts,1,24,17462910
E_audit_finalization,aggregate_decryption_full_12_ciphertexts,1,25,17063700
E_audit_finalization,aggregate_decryption_full_12_ciphertexts,1,26,17355008
E_audit_finalization,aggregate_decryption_full_12_ciphertexts,1,27,17202403
E_audit_finalization,aggregate_decryption_full_12_ciphertexts,1,28,17012599
E_audit_finalization,aggregate_decryption_full_12_ciphertexts,1,29,17140102
E_audit_finalization,dp_calculation,1,0,8500
E_audit_finalization,dp_calculation,1,1,7300
E_audit_finalization,dp_calculation,1,2,7000
E_audit_finalization,dp_calculation,1,3,7900
E_audit_finalization,dp_calculation,1,4,9401
E_audit_finalization,dp_calculation,1,5,10100
E_audit_finalization,dp_calculation,1,6,8800
E_audit_finalization,dp_calculation,1,7,8600
E_audit_finalization,dp_calculation,1,8,8701
E_audit_finalization,dp_calculation,1,9,12300
E_audit_finalization,dp_calculation,1,10,7701
E_audit_finalization,dp_calculation,1,11,6000
E_audit_finalization,dp_calculation,1,12,4300
E_audit_finalization,dp_calculation,1,13,3800
E_audit_finalization,dp_calculation,1,14,3900
E_audit_finalization,dp_calculation,1,15,3800
E_audit_finalization,dp_calculation,1,16,4200
E_audit_finalization,dp_calculation,1,17,3900
E_audit_finalization,dp_calculation,1,18,3900
E_audit_finalization,dp_calculation,1,19,3701
E_audit_finalization,dp_calculation,1,20,3800
E_audit_finalization,dp_calculation,1,21,4100
E_audit_finalization,dp_calculation,1,22,4000
E_audit_finalization,dp_calculation,1,23,4000
E_audit_finalization,dp_calculation,1,24,3800
E_audit_finalization,dp_calculation,1,25,3800
E_audit_finalization,dp_calculation,1,26,3800
E_audit_finalization,dp_calculation,1,27,3900
E_audit_finalization,dp_calculation,1,28,3800
E_audit_finalization,dp_calculation,1,29,3800
E_audit_finalization,eo_calculation,1,0,7500
E_audit_finalization,eo_calculation,1,1,6800
E_audit_finalization,eo_calculation,1,2,6700
E_audit_finalization,eo_calculation,1,3,6500
E_audit_finalization,eo_calculation,1,4,6500
E_audit_finalization,eo_calculation,1,5,6801
E_audit_finalization,eo_calculation,1,6,6600
E_audit_finalization,eo_calculation,1,7,6500
E_audit_finalization,eo_calculation,1,8,6600
E_audit_finalization,eo_calculation,1,9,6500
E_audit_finalization,eo_calculation,1,10,6600
E_audit_finalization,eo_calculation,1,11,6501
E_audit_finalization,eo_calculation,1,12,6400
E_audit_finalization,eo_calculation,1,13,6500
E_audit_finalization,eo_calculation,1,14,6600
E_audit_finalization,eo_calculation,1,15,6400
E_audit_finalization,eo_calculation,1,16,6400
E_audit_finalization,eo_calculation,1,17,6500
E_audit_finalization,eo_calculation,1,18,6401
E_audit_finalization,eo_calculation,1,19,6500
E_audit_finalization,eo_calculation,1,20,6500
E_audit_finalization,eo_calculation,1,21,6400
E_audit_finalization,eo_calculation,1,22,6400
E_audit_finalization,eo_calculation,1,23,6600
E_audit_finalization,eo_calculation,1,24,6601
E_audit_finalization,eo_calculation,1,25,6500
E_audit_finalization,eo_calculation,1,26,6600
E_audit_finalization,eo_calculation,1,27,6400
E_audit_finalization,eo_calculation,1,28,6400
E_audit_finalization,eo_calculation,1,29,6500
